PLAYER NAME,POS,AVG_RK,AVG_FAN PTS,AVG_PASS_TDS,AVG_PASS_YDS,AVG_REC,AVG_REC_TDS,AVG_REC_YDS,AVG_RUSH_ATT,AVG_RUSH_TDS,AVG_RUSH_YDS,BEST_RK,FAN PTS,PASS_TDS,PASS_YDS,PPR_AVG_RK,PPR_AVG_FAN PTS,PPR_BEST_RK,PPR_FAN PTS,PPR_RK,PPR_STD.DEV_RK,PPR_TIERS,PPR_WORST_RK,REC,REC_TDS,REC_YDS,RK,RUSH_ATT,RUSH_TDS,RUSH_YDS,STD.DEV_RK,TEAM,TIERS,WORST_RK,FULL_SOS,SEASON_SOS,PLAYOFF_SOS,DEPTH
AARON JONES,RB,66.0,9.5,0.0,0.0,2.7,0.1,21.2,12.9,0.2,59.6,48.0,104.9,0.0,0.0,61.1,12.3,33.0,134.9,62.0,9.4,6.0,76.0,30.0,1.0,233.0,64.0,142.0,2.0,656.0,9.3,MIN,6.0,95.0,26,16,30,1
AARON RODGERS,QB,119.3,0.0,0.0,0.0,0.0,0.0,0.0,0.0,0.0,0.0,83.0,0.0,0.0,0.0,120.3,0.0,83.0,0.0,118.0,14.6,9.0,163.0,0.0,0.0,0.0,116.0,0.0,0.0,0.0,12.6,NYJ,8.0,152.0,15,15,11,1
ADAM THIELEN,WR,176.5,7.5,0.0,0.0,6.1,0.2,59.6,0.1,0.0,0.4,120.0,128.0,0.0,0.0,151.3,13.6,81.0,231.0,145.0,28.2,9.0,267.0,103.0,4.0,1014.0,161.0,1.0,0.0,6.0,24.6,CAR,10.0,271.0,17,13,18,2
ADAM TRAUTMAN,TE,356.2,2.3,0.0,0.0,1.3,0.2,12.0,0.0,0.0,0.0,296.0,38.4,0.0,0.0,358.7,3.6,300.0,60.4,406.0,28.1,15.0,391.0,22.0,3.0,204.0,409.0,0.0,0.0,0.0,29.1,DEN,15.0,391.0,30,25,30,2
ADONAI MITCHELL,WR,173.6,0.0,0.0,0.0,0.0,0.0,0.0,0.0,0.0,0.0,106.0,0.0,0.0,0.0,176.7,0.0,108.0,0.0,171.0,28.7,10.0,294.0,0.0,0.0,0.0,165.0,0.0,0.0,0.0,27.7,IND,10.0,289.0,22,19,26,3
AIDAN OCONNELL,QB,298.7,12.1,1.1,201.6,0.0,0.0,0.0,1.5,0.1,1.0,178.0,132.8,12.0,2218.0,298.7,12.1,192.0,132.8,300.0,29.1,13.0,338.0,0.0,0.0,0.0,297.0,17.0,1.0,11.0,30.0,LV,13.0,338.0,21,21,14,2
AINIAS SMITH,WR,361.9,0.0,0.0,0.0,0.0,0.0,0.0,0.0,0.0,0.0,293.0,0.0,0.0,0.0,354.3,0.0,290.0,0.0,393.0,31.2,15.0,383.0,0.0,0.0,0.0,397.0,0.0,0.0,0.0,28.3,PHI,15.0,396.0,6,11,7,5
AJ BARNER,TE,376.3,0.0,0.0,0.0,0.0,0.0,0.0,0.0,0.0,0.0,353.0,0.0,0.0,0.0,373.4,0.0,354.0,0.0,483.0,16.4,16.0,394.0,0.0,0.0,0.0,479.0,0.0,0.0,0.0,17.5,SEA,16.0,394.0,27,29,18,0
AJ BROWN,WR,9.8,10.8,0.0,0.0,6.2,0.4,85.6,0.0,0.0,0.0,4.0,183.6,0.0,0.0,10.0,17.0,7.0,289.6,9.0,1.8,2.0,19.0,106.0,7.0,1456.0,9.0,0.0,0.0,0.0,2.3,PHI,2.0,20.0,6,11,7,1
AJ DILLON,RB,216.8,6.4,0.0,0.0,1.5,0.0,14.9,11.9,0.1,40.9,140.0,95.6,0.0,0.0,219.7,7.8,142.0,117.6,217.0,36.4,11.0,312.0,22.0,0.0,223.0,218.0,178.0,2.0,613.0,35.4,GB,11.0,308.0,29,29,15,3
ALEC PIERCE,WR,261.4,3.7,0.0,0.0,1.9,0.1,30.2,0.0,0.0,0.0,200.0,63.4,0.0,0.0,264.3,5.6,198.0,95.4,268.0,27.9,12.0,374.0,32.0,2.0,514.0,264.0,0.0,0.0,0.0,27.8,IND,12.0,361.0,22,19,26,4
ALEXANDER MATTISON,RB,207.2,6.5,0.0,0.0,1.9,0.2,12.0,11.3,0.0,43.8,147.0,103.2,0.0,0.0,211.2,8.3,151.0,133.2,205.0,30.0,11.0,333.0,30.0,3.0,192.0,202.0,180.0,0.0,700.0,31.7,LV,11.0,333.0,9,19,3,2
ALLEN LAZARD,WR,302.2,2.6,0.0,0.0,1.6,0.1,22.2,0.0,0.0,0.0,213.0,37.1,0.0,0.0,299.9,4.3,205.0,60.1,335.0,40.6,14.0,375.0,23.0,1.0,311.0,333.0,0.0,0.0,0.0,35.8,NYJ,14.0,372.0,16,20,12,4
ALLEN ROBINSON,WR,291.0,1.6,0.0,0.0,2.0,0.0,16.5,0.0,0.0,0.0,242.0,28.0,0.0,0.0,312.3,3.6,229.0,62.0,440.0,60.0,15.0,368.0,34.0,0.0,280.0,454.0,0.0,0.0,0.0,49.0,NYG,15.0,340.0,4,23,1,5
ALVIN KAMARA,RB,65.7,12.2,0.0,0.0,5.8,0.1,35.8,13.8,0.4,53.4,52.0,158.0,0.0,0.0,46.3,17.9,16.0,233.0,44.0,16.4,5.0,76.0,75.0,1.0,466.0,63.0,180.0,5.0,694.0,12.9,NO,6.0,97.0,27,20,31,1
AMARI COOPER,WR,39.4,10.3,0.0,0.0,4.8,0.3,83.3,0.0,0.0,0.0,22.0,155.0,0.0,0.0,42.2,15.1,24.0,227.0,42.0,9.0,5.0,87.0,72.0,5.0,1250.0,38.0,0.0,0.0,0.0,8.2,CLE,5.0,75.0,26,18,30,1
AMEER ABDULLAH,RB,355.5,1.3,0.0,0.0,1.1,0.0,7.7,0.9,0.0,5.2,312.0,22.0,0.0,0.0,335.2,2.4,309.0,41.0,419.0,27.6,15.0,386.0,19.0,0.0,131.0,441.0,15.0,0.0,89.0,28.8,LV,15.0,392.0,9,19,3,3
AMON-RA ST BROWN,WR,7.0,13.2,0.0,0.0,7.4,0.6,94.7,0.3,0.0,1.5,5.0,211.9,0.0,0.0,4.3,20.7,4.0,330.9,4.0,0.9,1.0,8.0,119.0,10.0,1515.0,6.0,4.0,0.0,24.0,0.6,DET,2.0,11.0,24,30,11,1
ANDERS CARLSON,K,211.5,7.4,,,,,,,,,209.0,125.0,,,,,,,,,,,,,,420.0,,,,2.5,GB,15.0,214.0,22,19,22,0
ANDREI IOSIVAS,WR,279.2,2.2,0.0,0.0,0.9,0.3,7.3,0.0,0.0,0.0,229.0,35.6,0.0,0.0,273.5,3.2,226.0,50.6,277.0,25.1,12.0,375.0,15.0,4.0,116.0,281.0,0.0,0.0,0.0,23.8,CIN,12.0,377.0,27,27,23,4
ANDY DALTON,QB,341.3,7.9,0.7,120.3,0.0,0.0,0.0,1.0,0.0,4.0,295.0,23.6,2.0,361.0,349.8,7.9,295.0,23.6,462.0,37.5,15.0,385.0,0.0,0.0,0.0,449.0,3.0,0.0,12.0,43.3,CAR,15.0,385.0,5,9,6,2
ANTHONY GOULD,WR,373.0,0.0,0.0,0.0,0.0,0.0,0.0,0.0,0.0,0.0,356.0,0.0,0.0,0.0,366.5,0.0,355.0,0.0,494.0,11.5,16.0,378.0,0.0,0.0,0.0,499.0,0.0,0.0,0.0,17.0,IND,16.0,390.0,22,19,26,7
ANTHONY RICHARDSON,QB,50.4,18.4,0.8,144.3,0.0,0.0,0.0,6.3,1.0,34.0,29.0,73.7,3.0,577.0,50.7,18.4,29.0,73.7,50.0,10.8,6.0,112.0,0.0,0.0,0.0,51.0,25.0,4.0,136.0,10.5,IND,6.0,112.0,26,27,16,1
ANTONIO GIBSON,RB,150.3,5.0,0.0,0.0,3.0,0.1,24.3,4.1,0.1,16.6,125.0,79.4,0.0,0.0,139.9,8.0,121.0,127.4,137.0,11.9,9.0,181.0,48.0,2.0,389.0,143.0,65.0,1.0,265.0,17.9,NE,9.0,227.0,8,10,7,2
AT PERRY,WR,250.8,4.9,0.0,0.0,1.2,0.4,24.6,0.0,0.0,0.0,183.0,48.6,0.0,0.0,259.7,6.1,201.0,60.6,259.0,25.5,12.0,365.0,12.0,4.0,246.0,252.0,0.0,0.0,0.0,27.9,NO,12.0,349.0,15,21,10,4
ATLANTA FALCONS,DEF,215.2,5.6,0.0,0.0,0.0,0.0,0.0,0.0,0.0,0.0,176.0,95.0,0.0,0.0,223.5,5.6,176.0,95.0,385.0,41.0,15.0,278.0,0.0,0.0,0.0,378.0,0.0,0.0,0.0,39.1,ATL,14.0,275.0,14,14,15,0
AUDRIC ESTIME,RB,234.7,0.0,0.0,0.0,0.0,0.0,0.0,0.0,0.0,0.0,159.0,0.0,0.0,0.0,244.9,0.0,176.0,0.0,246.0,26.7,12.0,326.0,0.0,0.0,0.0,232.0,0.0,0.0,0.0,29.4,DEN,11.0,322.0,19,18,20,4
AUSTIN EKELER,RB,113.1,9.6,0.0,0.0,3.6,0.1,31.1,12.8,0.4,44.9,69.0,134.4,0.0,0.0,100.0,13.2,64.0,185.4,100.0,19.2,8.0,144.0,51.0,1.0,436.0,112.0,179.0,5.0,628.0,12.8,WAS,8.0,152.0,16,9,28,2
AUSTIN HOOPER,TE,354.0,1.4,0.0,0.0,1.5,0.0,13.8,0.0,0.0,0.0,295.0,23.4,0.0,0.0,351.0,2.8,287.0,48.4,408.0,38.3,15.0,402.0,25.0,0.0,234.0,432.0,0.0,0.0,0.0,35.3,NE,15.0,391.0,14,20,12,2
BAKER MAYFIELD,QB,128.4,16.7,1.6,237.9,0.0,0.0,0.0,3.6,0.1,9.6,90.0,284.1,28.0,4044.0,129.6,16.7,90.0,284.1,127.0,10.7,9.0,154.0,0.0,0.0,0.0,128.0,62.0,1.0,163.0,9.7,TB,9.0,152.0,22,11,24,1
BALTIMORE RAVENS,DEF,154.6,10.2,0.0,0.0,0.0,0.0,0.0,0.0,0.0,0.0,150.0,174.0,0.0,0.0,154.7,10.2,149.0,174.0,157.0,9.7,10.0,191.0,0.0,0.0,0.0,156.0,0.0,0.0,0.0,9.3,BAL,10.0,187.0,23,18,28,0
BEN SINNOTT,TE,221.9,0.0,0.0,0.0,0.0,0.0,0.0,0.0,0.0,0.0,110.0,0.0,0.0,0.0,215.4,0.0,105.0,0.0,203.0,43.2,11.0,299.0,0.0,0.0,0.0,215.0,0.0,0.0,0.0,43.0,WAS,11.0,299.0,16,15,20,1
BIJAN ROBINSON,RB,7.4,11.1,0.0,0.0,3.4,0.2,28.6,12.6,0.2,57.4,1.0,188.3,0.0,0.0,7.1,14.5,1.0,246.3,8.0,1.8,2.0,13.0,58.0,4.0,487.0,7.0,214.0,4.0,976.0,2.2,ATL,2.0,13.0,7,15,2,1
BLAKE CORUM,RB,132.9,0.0,0.0,0.0,0.0,0.0,0.0,0.0,0.0,0.0,86.0,0.0,0.0,0.0,145.6,0.0,119.0,0.0,147.0,25.1,9.0,313.0,0.0,0.0,0.0,135.0,0.0,0.0,0.0,27.4,LAR,9.0,300.0,1,2,14,2
BLAKE GRUPE,K,279.4,8.8,0.0,0.0,0.0,0.0,0.0,0.0,0.0,0.0,182.0,150.0,0.0,0.0,280.7,8.8,182.0,150.0,279.0,30.9,12.0,332.0,0.0,0.0,0.0,277.0,0.0,0.0,0.0,30.6,NO,12.0,332.0,2,3,15,1
BLAKE WATSON,RB,342.3,0.0,0.0,0.0,0.0,0.0,0.0,0.0,0.0,0.0,310.0,0.0,0.0,0.0,335.6,0.0,283.0,0.0,394.0,36.5,15.0,388.0,0.0,0.0,0.0,416.0,0.0,0.0,0.0,27.1,DEN,15.0,384.0,19,18,20,5
BO MELTON,WR,319.4,7.5,0.0,0.0,4.0,0.3,54.5,0.8,0.0,5.3,267.0,29.9,0.0,0.0,315.9,11.5,264.0,45.9,348.0,35.8,14.0,394.0,16.0,1.0,218.0,352.0,3.0,0.0,21.0,29.7,GB,14.0,373.0,5,5,17,5
BO NIX,QB,236.2,0.0,0.0,0.0,0.0,0.0,0.0,0.0,0.0,0.0,122.0,0.0,0.0,0.0,236.3,0.0,122.0,0.0,230.0,42.8,11.0,305.0,0.0,0.0,0.0,229.0,0.0,0.0,0.0,42.7,DEN,11.0,298.0,19,20,10,1
BOSTON SCOTT,RB,330.3,1.0,0.0,0.0,0.3,0.0,4.3,1.7,0.0,7.2,296.0,11.8,0.0,0.0,324.3,1.3,291.0,15.8,451.0,32.8,15.0,369.0,4.0,0.0,52.0,456.0,20.0,0.0,86.0,37.2,LAR,15.0,382.0,1,2,14,0
BRAELON ALLEN,RB,226.0,0.0,0.0,0.0,0.0,0.0,0.0,0.0,0.0,0.0,122.0,0.0,0.0,0.0,236.4,0.0,144.0,0.0,239.0,33.6,12.0,322.0,0.0,0.0,0.0,227.0,0.0,0.0,0.0,35.8,NYJ,11.0,310.0,22,24,16,2
BRANDIN COOKS,WR,134.8,7.5,0.0,0.0,3.4,0.5,41.1,0.3,0.0,2.2,80.0,119.2,0.0,0.0,132.4,10.8,87.0,173.2,130.0,16.9,9.0,173.0,54.0,8.0,657.0,133.0,5.0,0.0,35.0,16.5,DAL,9.0,175.0,1,1,2,2
BRANDON AIYUK,WR,20.9,10.9,0.0,0.0,4.7,0.4,83.9,0.0,0.0,0.0,11.0,174.2,0.0,0.0,24.1,15.6,12.0,249.2,21.0,7.0,4.0,50.0,75.0,7.0,1342.0,19.0,0.0,0.0,0.0,6.9,SF,3.0,50.0,2,3,9,1
BRANDON AUBREY,K,190.4,10.6,0.0,0.0,0.0,0.0,0.0,0.0,0.0,0.0,160.0,181.0,0.0,0.0,190.3,10.6,160.0,181.0,188.0,12.6,11.0,281.0,0.0,0.0,0.0,191.0,0.0,0.0,0.0,12.3,DAL,11.0,281.0,7,10,6,1
BRANDON MCMANUS,K,263.4,8.6,0.0,0.0,0.0,0.0,0.0,0.0,0.0,0.0,199.0,146.0,0.0,0.0,262.2,8.6,199.0,146.0,350.0,40.9,14.0,332.0,0.0,0.0,0.0,353.0,0.0,0.0,0.0,40.9,FA,14.0,332.0,33,33,33,0
BRANDON POWELL,WR,337.3,2.2,0.0,0.0,1.7,0.1,19.1,0.3,0.0,1.0,266.0,38.1,0.0,0.0,328.6,3.9,243.0,67.1,380.0,48.5,14.0,377.0,29.0,1.0,324.0,392.0,5.0,0.0,17.0,46.3,MIN,15.0,384.0,10,24,3,3
BRAXTON BERRIOS,WR,310.4,1.9,0.0,0.0,1.7,0.1,14.9,0.1,0.0,0.7,281.0,30.9,0.0,0.0,326.6,3.6,281.0,57.9,422.0,39.2,15.0,390.0,27.0,1.0,238.0,412.0,1.0,0.0,11.0,26.8,MIA,15.0,347.0,29,12,32,4
BREECE HALL,RB,8.0,12.6,0.0,0.0,4.5,0.2,34.8,13.1,0.3,58.5,4.0,214.5,0.0,0.0,7.0,17.1,5.0,290.5,7.0,1.6,2.0,16.0,76.0,4.0,591.0,8.0,223.0,5.0,994.0,2.8,NYJ,2.0,18.0,22,24,16,1
BRENDEN RICE,WR,285.6,0.0,0.0,0.0,0.0,0.0,0.0,0.0,0.0,0.0,229.0,0.0,0.0,0.0,280.4,0.0,238.0,0.0,294.0,31.0,13.0,378.0,0.0,0.0,0.0,298.0,0.0,0.0,0.0,29.4,LAC,13.0,383.0,30,25,25,6
BREVIN JORDAN,TE,330.7,2.6,0.0,0.0,1.3,0.2,16.8,0.0,0.0,0.0,282.0,33.9,0.0,0.0,339.9,3.9,307.0,50.9,386.0,22.6,15.0,381.0,17.0,2.0,219.0,371.0,0.0,0.0,0.0,32.3,HOU,14.0,389.0,7,1,32,3
BRIAN ROBINSON,RB,85.8,10.8,0.0,0.0,2.4,0.3,24.5,11.9,0.3,48.9,67.0,162.1,0.0,0.0,99.6,13.2,71.0,198.1,98.0,13.7,8.0,121.0,36.0,4.0,368.0,83.0,178.0,5.0,733.0,12.1,WAS,7.0,117.0,16,9,28,1
BRIAN THOMAS,WR,124.9,0.0,0.0,0.0,0.0,0.0,0.0,0.0,0.0,0.0,80.0,0.0,0.0,0.0,120.9,0.0,80.0,0.0,120.0,28.2,9.0,284.0,0.0,0.0,0.0,123.0,0.0,0.0,0.0,26.5,JAC,9.0,261.0,32,31,21,3
BROCK BOWERS,TE,110.9,0.0,0.0,0.0,0.0,0.0,0.0,0.0,0.0,0.0,78.0,0.0,0.0,0.0,114.1,0.0,78.0,0.0,112.0,28.9,8.0,253.0,0.0,0.0,0.0,108.0,0.0,0.0,0.0,21.8,LV,8.0,202.0,10,18,9,1
BROCK PURDY,QB,75.8,19.2,1.9,267.5,0.0,0.0,0.0,2.4,0.1,9.0,54.0,306.6,31.0,4280.0,76.6,19.2,54.0,306.6,75.0,9.8,7.0,104.0,0.0,0.0,0.0,75.0,39.0,2.0,144.0,8.8,SF,7.0,103.0,1,3,4,1
BROCK WRIGHT,TE,355.0,1.1,,,,,,,,,344.0,15.1,,,,,,,,,,,,,,493.0,,,,11.0,DET,16.0,366.0,9,11,14,2
BRYCE YOUNG,QB,179.4,10.4,0.7,179.8,0.0,0.0,0.0,2.4,0.0,15.8,133.0,166.4,11.0,2877.0,181.2,10.4,133.0,166.4,167.0,37.0,10.0,275.0,0.0,0.0,0.0,164.0,39.0,0.0,253.0,38.0,CAR,10.0,275.0,5,9,6,1
BUFFALO BILLS,DEF,183.6,9.4,0.0,0.0,0.0,0.0,0.0,0.0,0.0,0.0,150.0,159.0,0.0,0.0,183.7,9.4,150.0,159.0,179.0,12.7,10.0,248.0,0.0,0.0,0.0,179.0,0.0,0.0,0.0,12.1,BUF,10.0,248.0,3,3,14,0
CADE OTTON,TE,180.3,4.1,0.0,0.0,2.8,0.2,26.8,0.0,0.0,0.0,145.0,69.5,0.0,0.0,173.8,6.9,137.0,116.5,160.0,25.7,10.0,253.0,47.0,4.0,455.0,166.0,0.0,0.0,0.0,27.7,TB,10.0,258.0,18,17,17,1
CADE STOVER,TE,347.3,0.0,0.0,0.0,0.0,0.0,0.0,0.0,0.0,0.0,334.0,0.0,0.0,0.0,350.6,0.0,321.0,0.0,391.0,14.8,15.0,381.0,0.0,0.0,0.0,394.0,0.0,0.0,0.0,11.6,HOU,15.0,381.0,7,1,32,2
CAIRO SANTOS,K,246.2,9.3,0.0,0.0,0.0,0.0,0.0,0.0,0.0,0.0,180.0,158.0,0.0,0.0,246.7,9.3,180.0,158.0,251.0,20.1,12.0,332.0,0.0,0.0,0.0,254.0,0.0,0.0,0.0,17.6,CHI,12.0,332.0,10,13,11,1
CALEB WILLIAMS,QB,94.8,0.0,0.0,0.0,0.0,0.0,0.0,0.0,0.0,0.0,60.0,0.0,0.0,0.0,95.3,0.0,60.0,0.0,93.0,13.9,8.0,138.0,0.0,0.0,0.0,92.0,0.0,0.0,0.0,13.3,CHI,8.0,138.0,4,4,12,1
CALVIN AUSTIN,WR,323.5,2.1,0.0,0.0,1.0,0.1,10.6,0.6,0.1,3.4,247.0,35.7,0.0,0.0,321.1,3.1,246.0,52.7,349.0,33.5,14.0,391.0,17.0,1.0,180.0,349.0,11.0,1.0,57.0,30.8,PIT,14.0,373.0,23,26,20,4
CALVIN RIDLEY,WR,66.1,9.1,0.0,0.0,4.5,0.5,59.8,0.5,0.0,1.4,32.0,153.9,0.0,0.0,69.2,13.5,31.0,229.9,68.0,16.8,7.0,108.0,76.0,8.0,1016.0,65.0,9.0,0.0,23.0,15.5,TEN,6.0,106.0,28,29,19,2
CAM AKERS,RB,310.3,5.1,0.0,0.0,1.6,0.0,10.0,8.6,0.3,23.9,237.0,35.7,0.0,0.0,309.7,6.7,206.0,46.7,319.0,27.8,13.0,380.0,11.0,0.0,70.0,321.0,60.0,2.0,167.0,30.1,MIN,13.0,392.0,26,16,30,0
CAMERON DICKER,K,230.1,8.9,0.0,0.0,0.0,0.0,0.0,0.0,0.0,0.0,174.0,151.0,0.0,0.0,230.5,8.9,174.0,151.0,231.0,19.1,11.0,332.0,0.0,0.0,0.0,230.0,0.0,0.0,0.0,18.9,LAC,11.0,332.0,29,22,31,1
CAROLINA PANTHERS,DEF,229.4,4.2,0.0,0.0,0.0,0.0,0.0,0.0,0.0,0.0,182.0,71.0,0.0,0.0,261.6,4.2,190.0,71.0,387.0,53.6,15.0,345.0,0.0,0.0,0.0,382.0,0.0,0.0,0.0,41.5,CAR,14.0,278.0,32,27,27,0
CARTAVIOUS BIGSBY,RB,236.1,1.4,0.0,0.0,0.1,0.0,0.4,3.1,0.1,8.3,150.0,21.8,0.0,0.0,252.7,1.4,161.0,22.8,250.0,34.7,12.0,337.0,1.0,0.0,6.0,233.0,50.0,2.0,132.0,32.9,JAC,11.0,322.0,30,27,26,2
CASEY WASHINGTON,WR,351.7,0.0,0.0,0.0,0.0,0.0,0.0,0.0,0.0,0.0,338.0,0.0,0.0,0.0,344.0,0.0,303.0,0.0,469.0,32.7,16.0,383.0,0.0,0.0,0.0,476.0,0.0,0.0,0.0,18.6,ATL,16.0,378.0,20,8,29,5
CEDRIC TILLMAN,WR,276.5,1.7,0.0,0.0,1.5,0.0,16.0,0.1,0.0,0.6,229.0,23.2,0.0,0.0,269.2,3.2,207.0,44.2,274.0,22.7,12.0,320.0,21.0,0.0,224.0,276.0,1.0,0.0,8.0,18.0,CLE,12.0,322.0,26,18,30,5
CEDRICK WILSON,WR,346.6,3.2,0.0,0.0,1.5,0.2,19.7,0.0,0.0,0.0,277.0,47.6,0.0,0.0,352.8,4.6,283.0,69.6,379.0,31.2,14.0,387.0,22.0,3.0,296.0,373.0,0.0,0.0,0.0,32.9,NO,14.0,390.0,15,21,10,3
CEEDEE LAMB,WR,2.5,15.8,0.0,0.0,7.9,0.7,102.9,0.8,0.1,6.6,2.0,268.2,0.0,0.0,2.5,23.7,2.0,403.2,2.0,1.3,1.0,7.0,135.0,12.0,1749.0,2.0,14.0,2.0,113.0,0.9,DAL,1.0,6.0,1,1,2,1
CHARLIE JONES,WR,361.1,1.2,0.0,0.0,0.6,0.0,5.8,0.2,0.0,1.2,304.0,13.7,0.0,0.0,343.9,1.9,295.0,20.7,418.0,37.8,15.0,392.0,7.0,0.0,64.0,440.0,2.0,0.0,13.0,30.8,CIN,15.0,396.0,27,27,23,6
CHASE BROWN,RB,129.9,3.3,0.0,0.0,1.2,0.1,13.0,3.7,0.0,14.9,102.0,39.5,0.0,0.0,129.3,4.5,96.0,53.5,131.0,22.9,9.0,262.0,14.0,1.0,156.0,130.0,44.0,0.0,179.0,22.4,CIN,9.0,257.0,24,17,29,2
CHASE CLAYPOOL,WR,338.8,1.2,0.0,0.0,0.7,0.1,7.0,0.0,0.0,0.0,265.0,13.7,0.0,0.0,332.2,2.0,266.0,21.7,414.0,47.0,15.0,396.0,8.0,1.0,77.0,408.0,0.0,0.0,0.0,45.5,BUF,15.0,396.0,14,15,15,4
CHASE EDMONDS,RB,300.6,2.0,0.0,0.0,1.1,0.0,6.2,3.8,0.0,13.5,238.0,25.7,0.0,0.0,298.9,3.1,242.0,39.7,302.0,17.6,13.0,334.0,14.0,0.0,81.0,300.0,49.0,0.0,176.0,17.5,TB,13.0,327.0,28,30,9,3
CHASE MCLAUGHLIN,K,266.0,8.0,0.0,0.0,0.0,0.0,0.0,0.0,0.0,0.0,249.0,136.0,0.0,0.0,269.8,8.0,249.0,136.0,390.0,16.3,15.0,287.0,0.0,0.0,0.0,385.0,0.0,0.0,0.0,16.5,TB,14.0,287.0,3,1,26,1
CHATARIUS ATWELL,WR,292.0,4.6,0.0,0.0,2.4,0.2,30.2,0.3,0.0,1.9,258.0,73.4,0.0,0.0,290.4,7.0,260.0,112.4,328.0,17.2,13.0,318.0,39.0,3.0,483.0,325.0,5.0,0.0,31.0,17.2,LAR,13.0,324.0,11,22,6,4
CHICAGO BEARS,DEF,204.2,7.1,0.0,0.0,0.0,0.0,0.0,0.0,0.0,0.0,150.0,120.0,0.0,0.0,207.1,7.1,150.0,120.0,216.0,27.2,11.0,352.0,0.0,0.0,0.0,216.0,0.0,0.0,0.0,19.5,CHI,11.0,278.0,18,21,7,0
CHIGOZIEM OKONKWO,TE,195.7,3.5,0.0,0.0,3.2,0.1,31.1,0.1,0.0,0.4,127.0,59.4,0.0,0.0,177.6,6.7,111.0,113.4,164.0,33.7,10.0,300.0,54.0,1.0,528.0,184.0,2.0,0.0,6.0,31.1,TEN,10.0,289.0,2,5,4,1
CHRIS BOSWELL,K,309.3,7.8,0.0,0.0,0.0,0.0,0.0,0.0,0.0,0.0,252.0,133.0,0.0,0.0,307.6,7.8,252.0,133.0,383.0,22.4,14.0,324.0,0.0,0.0,0.0,395.0,0.0,0.0,0.0,23.9,PIT,15.0,325.0,14,24,3,1
CHRIS EVANS,RB,305.0,0.2,0.0,0.0,0.1,0.0,-0.1,0.3,0.0,1.7,288.0,1.1,0.0,0.0,304.3,0.3,286.0,2.1,435.0,13.7,15.0,319.0,1.0,0.0,-1.0,465.0,2.0,0.0,12.0,17.0,CIN,15.0,322.0,24,17,29,4
CHRIS GODWIN,WR,87.3,7.4,0.0,0.0,4.9,0.1,60.2,0.2,0.1,2.2,59.0,126.2,0.0,0.0,65.7,12.3,37.0,209.2,64.0,12.3,6.0,109.0,83.0,2.0,1024.0,86.0,4.0,1.0,38.0,11.8,TB,7.0,128.0,21,16,24,2
CHRIS MOORE,WR,359.5,2.7,0.0,0.0,1.3,0.0,24.9,0.1,0.0,2.3,336.0,46.3,0.0,0.0,364.9,4.0,326.0,68.3,436.0,23.3,15.0,396.0,22.0,0.0,424.0,448.0,2.0,0.0,39.0,17.2,ARI,15.0,383.0,7,14,5,5
CHRIS OLAVE,WR,26.2,9.0,0.0,0.0,5.4,0.3,70.2,0.0,0.0,0.0,11.0,144.3,0.0,0.0,20.4,14.5,14.0,231.3,16.0,4.7,3.0,37.0,87.0,5.0,1123.0,23.0,0.0,0.0,0.0,6.8,NO,4.0,56.0,15,21,10,1
CHRISTIAN KIRK,WR,65.4,7.8,0.0,0.0,4.8,0.3,65.6,0.1,0.0,0.5,43.0,93.3,0.0,0.0,52.1,12.5,31.0,150.3,53.0,13.1,6.0,108.0,57.0,3.0,787.0,62.0,1.0,0.0,6.0,13.3,JAC,6.0,121.0,32,31,21,1
CHRISTIAN MCCAFFREY,RB,1.2,20.3,0.0,0.0,4.2,0.4,35.3,17.0,0.9,91.2,1.0,324.3,0.0,0.0,1.2,24.5,1.0,391.3,1.0,1.1,1.0,8.0,67.0,7.0,564.0,1.0,272.0,14.0,1459.0,1.1,SF,1.0,8.0,10,12,5,1
CHRISTIAN WATSON,WR,80.9,8.1,0.0,0.0,3.1,0.6,46.9,0.4,0.0,1.2,36.0,73.3,0.0,0.0,103.8,11.3,53.0,101.3,106.0,16.9,8.0,141.0,28.0,5.0,422.0,79.0,4.0,0.0,11.0,16.5,GB,7.0,114.0,5,5,17,2
CHRISTOPHER BROOKS,RB,361.5,2.6,,,,,,,,,355.0,10.6,,,,,,,,,,,,,,497.0,,,,6.5,MIA,16.0,368.0,6,5,19,0
CHRISTOPHER RODRIGUEZ,RB,296.6,3.3,0.0,0.0,0.2,0.0,1.1,4.6,0.2,22.5,231.0,35.9,0.0,0.0,294.0,3.4,234.0,37.9,292.0,23.3,13.0,358.0,2.0,0.0,12.0,296.0,51.0,2.0,247.0,21.7,WAS,13.0,358.0,16,9,28,3
CHUBA HUBBARD,RB,138.7,8.4,0.0,0.0,2.3,0.0,13.7,14.0,0.3,53.1,92.0,143.5,0.0,0.0,143.3,10.7,101.0,182.5,136.0,14.0,9.0,181.0,39.0,0.0,233.0,136.0,238.0,5.0,902.0,17.5,CAR,9.0,180.0,32,31,27,2
CINCINNATI BENGALS,DEF,259.6,6.9,0.0,0.0,0.0,0.0,0.0,0.0,0.0,0.0,160.0,118.0,0.0,0.0,259.9,6.9,160.0,118.0,269.0,42.5,12.0,355.0,0.0,0.0,0.0,267.0,0.0,0.0,0.0,42.5,CIN,12.0,355.0,24,29,11,0
CJ STROUD,QB,49.1,18.7,1.5,273.9,0.0,0.0,0.0,2.6,0.2,11.1,34.0,280.0,23.0,4108.0,49.3,18.7,34.0,281.0,47.0,6.5,6.0,70.0,0.0,0.0,0.0,49.0,39.0,3.0,167.0,6.5,HOU,5.0,70.0,27,23,28,1
CLEVELAND BROWNS,DEF,172.9,9.0,0.0,0.0,0.0,0.0,0.0,0.0,0.0,0.0,150.0,153.0,0.0,0.0,172.3,9.0,150.0,153.0,174.0,13.9,10.0,249.0,0.0,0.0,0.0,171.0,0.0,0.0,0.0,16.3,CLE,10.0,278.0,30,32,8,0
CLYDE EDWARDS-HELAIRE,RB,232.6,3.5,0.0,0.0,1.1,0.1,12.5,4.7,0.1,14.9,159.0,53.1,0.0,0.0,230.6,4.7,156.0,70.1,229.0,27.4,11.0,283.0,17.0,1.0,188.0,231.0,70.0,1.0,223.0,24.5,KC,11.0,287.0,3,6,11,2
CODY SCHRADER,RB,330.3,0.0,0.0,0.0,0.0,0.0,0.0,0.0,0.0,0.0,274.0,0.0,0.0,0.0,320.8,0.0,292.0,0.0,416.0,36.2,15.0,392.0,0.0,0.0,0.0,415.0,0.0,0.0,0.0,48.3,SF,15.0,388.0,10,12,5,0
COLBY PARKINSON,TE,282.8,2.2,0.0,0.0,1.5,0.1,14.5,0.0,0.0,0.0,236.0,36.7,0.0,0.0,284.6,3.6,253.0,61.7,326.0,19.3,13.0,317.0,25.0,2.0,247.0,324.0,0.0,0.0,0.0,20.7,LAR,13.0,319.0,22,14,27,2
COLE KMET,TE,127.5,6.4,0.0,0.0,4.3,0.4,42.3,0.2,0.0,0.1,96.0,108.1,0.0,0.0,123.9,10.7,94.0,181.1,122.0,17.1,9.0,172.0,73.0,6.0,719.0,127.0,3.0,0.0,2.0,17.8,CHI,9.0,181.0,20,19,16,1
COLE TURNER,TE,353.3,1.0,0.0,0.0,0.9,0.0,10.0,0.0,0.0,0.0,299.0,12.0,0.0,0.0,336.0,1.9,305.0,23.0,464.0,39.7,15.0,392.0,11.0,0.0,120.0,467.0,0.0,0.0,0.0,39.9,WAS,15.0,394.0,16,15,20,4
COOPER KUPP,WR,42.0,8.8,0.0,0.0,4.9,0.4,61.4,0.1,0.0,-0.3,22.0,105.4,0.0,0.0,35.5,13.7,15.0,164.4,35.0,8.5,5.0,62.0,59.0,5.0,737.0,40.0,1.0,0.0,-3.0,9.0,LAR,5.0,73.0,11,22,6,2
CORDARRELLE PATTERSON,RB,301.7,2.0,0.0,0.0,0.6,0.1,2.7,3.6,0.0,12.9,228.0,27.9,0.0,0.0,300.1,2.6,224.0,36.9,303.0,28.8,13.0,359.0,9.0,1.0,38.0,304.0,50.0,0.0,181.0,25.5,PIT,13.0,364.0,17,23,4,3
CORNELIUS JOHNSON,WR,343.0,0.0,,,,,,,,,341.0,0.0,,,,,,,,,,,,,,487.0,,,,2.0,LAC,16.0,345.0,30,25,25,0
COURTLAND SUTTON,WR,104.0,8.2,0.0,0.0,3.7,0.6,48.3,0.0,0.0,0.0,75.0,131.2,0.0,0.0,101.0,11.9,70.0,190.2,103.0,13.1,8.0,132.0,59.0,10.0,772.0,102.0,0.0,0.0,0.0,13.8,DEN,8.0,163.0,19,28,8,1
CRAIG REYNOLDS,RB,324.1,1.6,0.0,0.0,0.3,0.0,3.1,2.7,0.1,11.9,303.0,24.6,0.0,0.0,331.9,2.0,309.0,29.6,362.0,16.2,14.0,364.0,5.0,0.0,47.0,355.0,41.0,1.0,179.0,18.7,DET,14.0,362.0,14,11,18,3
CURTIS SAMUEL,WR,140.9,6.0,0.0,0.0,3.9,0.3,38.3,0.4,0.1,2.4,109.0,95.2,0.0,0.0,130.8,9.8,93.0,157.2,128.0,23.5,9.0,223.0,62.0,4.0,613.0,139.0,7.0,1.0,39.0,21.7,BUF,9.0,229.0,14,15,15,1
DAIJUN EDWARDS,RB,364.3,0.0,0.0,0.0,0.0,0.0,0.0,0.0,0.0,0.0,337.0,0.0,0.0,0.0,372.5,0.0,353.0,0.0,496.0,19.5,16.0,392.0,0.0,0.0,0.0,490.0,0.0,0.0,0.0,21.0,PIT,16.0,388.0,17,23,4,0
DAK PRESCOTT,QB,57.8,20.7,2.1,265.6,0.0,0.0,0.0,3.2,0.1,14.2,29.0,351.8,36.0,4516.0,58.7,20.7,29.0,351.8,60.0,11.7,6.0,84.0,0.0,0.0,0.0,56.0,55.0,2.0,242.0,10.5,DAL,6.0,83.0,2,8,3,1
DALLAS COWBOYS,DEF,168.3,10.5,0.0,0.0,0.0,0.0,0.0,0.0,0.0,0.0,150.0,178.0,0.0,0.0,168.0,10.5,150.0,178.0,166.0,7.0,10.0,187.0,0.0,0.0,0.0,167.0,0.0,0.0,0.0,7.4,DAL,10.0,187.0,1,1,9,0
DALLAS GOEDERT,TE,104.5,5.5,0.0,0.0,4.2,0.2,42.3,0.1,0.0,0.1,94.0,77.3,0.0,0.0,102.9,9.7,85.0,136.3,104.0,7.6,8.0,137.0,59.0,3.0,592.0,103.0,1.0,0.0,1.0,8.5,PHI,8.0,137.0,31,30,24,1
DALLIN HOLKER,TE,382.5,0.0,,,,,,,,,371.0,0.0,,,,,,,,,,,,,,503.0,,,,11.5,NO,16.0,394.0,13,22,5,0
DALTON KINCAID,TE,86.0,4.8,0.0,0.0,4.6,0.1,42.1,0.0,0.0,0.0,27.0,77.3,0.0,0.0,68.5,9.4,27.0,150.3,67.0,15.9,7.0,110.0,73.0,2.0,673.0,84.0,0.0,0.0,0.0,18.3,BUF,7.0,154.0,17,6,29,1
DALTON SCHULTZ,TE,114.9,6.1,0.0,0.0,3.9,0.3,42.3,0.0,0.0,0.0,98.0,91.5,0.0,0.0,118.2,10.0,100.0,150.5,115.0,13.2,8.0,157.0,59.0,5.0,635.0,114.0,0.0,0.0,0.0,12.2,HOU,8.0,157.0,7,1,32,1
DALVIN COOK,RB,305.7,1.7,0.0,0.0,1.0,0.0,5.2,4.5,0.0,14.3,167.0,25.2,0.0,0.0,304.2,2.7,200.0,40.2,324.0,33.5,13.0,392.0,15.0,0.0,78.0,326.0,67.0,0.0,214.0,32.6,FA,13.0,368.0,33,33,33,0
DAMEON PIERCE,RB,188.8,5.0,0.0,0.0,0.9,0.0,7.2,10.4,0.1,29.7,142.0,69.7,0.0,0.0,200.9,5.9,147.0,82.7,196.0,27.9,11.0,281.0,13.0,0.0,101.0,181.0,145.0,2.0,416.0,26.3,HOU,10.0,264.0,2,3,21,2
DANDRE SWIFT,RB,74.9,10.0,0.0,0.0,2.4,0.1,13.4,14.3,0.3,65.6,37.0,160.3,0.0,0.0,75.3,12.5,49.0,199.3,73.0,10.1,7.0,101.0,39.0,1.0,214.0,73.0,229.0,5.0,1049.0,10.4,CHI,7.0,97.0,18,21,12,1
DANIEL BELLINGER,TE,284.4,1.5,0.0,0.0,1.5,0.0,15.0,0.0,0.0,0.0,209.0,25.5,0.0,0.0,268.4,3.0,202.0,50.5,311.0,29.0,13.0,310.0,25.0,0.0,255.0,319.0,0.0,0.0,0.0,29.0,NYG,13.0,335.0,25,31,3,1
DANIEL CARLSON,K,263.6,7.1,0.0,0.0,0.0,0.0,0.0,0.0,0.0,0.0,190.0,121.0,0.0,0.0,263.4,7.1,190.0,121.0,273.0,33.1,12.0,332.0,0.0,0.0,0.0,272.0,0.0,0.0,0.0,33.1,LV,12.0,332.0,25,26,13,1
DANIEL JONES,QB,164.2,10.5,0.3,151.5,0.0,0.0,0.0,6.7,0.2,34.3,112.0,63.0,2.0,909.0,164.9,10.5,112.0,63.0,156.0,33.4,10.0,290.0,0.0,0.0,0.0,154.0,40.0,1.0,206.0,33.2,NYG,10.0,281.0,9,22,1,1
DARIUS SLAYTON,WR,221.0,5.9,0.0,0.0,2.9,0.2,45.3,0.0,0.0,0.0,169.0,101.0,0.0,0.0,222.1,8.9,167.0,151.0,225.0,20.4,11.0,295.0,50.0,4.0,770.0,225.0,0.0,0.0,0.0,21.3,NYG,11.0,295.0,4,23,1,3
DARNELL MOONEY,WR,181.3,3.2,0.0,0.0,2.1,0.1,27.6,0.1,0.0,0.3,131.0,47.9,0.0,0.0,186.6,5.3,130.0,78.9,178.0,25.8,10.0,266.0,31.0,1.0,414.0,176.0,2.0,0.0,5.0,24.3,ATL,10.0,261.0,20,8,29,2
DARNELL WASHINGTON,TE,364.6,0.4,0.0,0.0,0.4,0.0,3.6,0.0,0.0,0.0,353.0,6.1,0.0,0.0,364.9,0.8,330.0,13.1,427.0,15.4,15.0,389.0,7.0,0.0,61.0,428.0,0.0,0.0,0.0,10.8,PIT,15.0,389.0,23,27,8,2
DARRELL HENDERSON,RB,337.5,8.4,,,,,,,,,310.0,33.5,,,,,,,,,,,,,,481.0,,,,27.5,FA,16.0,365.0,33,33,33,0
DARREN WALLER,TE,271.0,5.1,0.0,0.0,4.3,0.1,46.0,0.0,0.0,0.0,246.0,61.2,0.0,0.0,263.7,9.4,235.0,113.2,410.0,22.2,15.0,289.0,52.0,1.0,552.0,418.0,0.0,0.0,0.0,19.6,FA,15.0,294.0,33,33,33,0
DAVANTE ADAMS,WR,27.3,9.6,0.0,0.0,6.1,0.5,67.3,0.0,0.0,0.0,10.0,162.4,0.0,0.0,16.8,15.6,10.0,265.4,15.0,4.3,3.0,35.0,103.0,8.0,1144.0,25.0,0.0,0.0,0.0,5.7,LV,4.0,44.0,18,17,22,1
DAVID BELL,WR,342.3,2.3,0.0,0.0,0.9,0.2,11.1,0.0,0.0,0.0,290.0,34.7,0.0,0.0,357.4,3.2,318.0,48.7,458.0,26.2,15.0,396.0,14.0,3.0,167.0,450.0,0.0,0.0,0.0,31.7,CLE,15.0,375.0,26,18,30,6
DAVID MONTGOMERY,RB,54.2,13.7,0.0,0.0,1.1,0.0,8.4,15.6,0.9,72.5,18.0,191.2,0.0,0.0,73.3,14.8,53.0,207.2,71.0,9.6,7.0,102.0,16.0,0.0,117.0,53.0,219.0,13.0,1015.0,8.8,DET,6.0,68.0,14,11,18,2
DAVID NJOKU,TE,91.5,7.5,0.0,0.0,5.1,0.4,55.1,0.0,0.0,0.0,76.0,120.2,0.0,0.0,94.8,12.6,73.0,201.2,92.0,7.7,8.0,110.0,81.0,6.0,882.0,91.0,0.0,0.0,0.0,8.6,CLE,7.0,110.0,1,4,2,1
DAVIS ALLEN,TE,335.3,1.0,0.0,0.0,0.7,0.1,6.3,0.0,0.0,0.0,271.0,15.5,0.0,0.0,341.6,1.7,272.0,25.5,404.0,48.7,15.0,407.0,10.0,1.0,95.0,405.0,0.0,0.0,0.0,39.8,LAR,15.0,394.0,22,14,27,3
DAWSON KNOX,TE,249.8,2.7,0.0,0.0,1.8,0.2,15.5,0.0,0.0,0.0,154.0,32.6,0.0,0.0,259.5,4.5,172.0,54.6,254.0,24.2,12.0,308.0,22.0,2.0,186.0,248.0,0.0,0.0,0.0,27.5,BUF,12.0,305.0,17,6,29,2
DEANDRE HOPKINS,WR,79.5,8.7,0.0,0.0,4.4,0.4,62.2,0.1,0.0,0.5,41.0,148.6,0.0,0.0,78.2,13.2,37.0,223.6,77.0,14.3,7.0,108.0,75.0,7.0,1057.0,77.0,2.0,0.0,9.0,15.8,TEN,7.0,108.0,28,29,19,1
DEEBO SAMUEL,WR,20.0,12.2,0.0,0.0,4.0,0.5,59.5,2.5,0.3,15.0,10.0,183.7,0.0,0.0,35.0,16.2,23.0,243.7,34.0,8.1,5.0,61.0,60.0,7.0,892.0,16.0,37.0,5.0,225.0,6.2,SF,3.0,38.0,2,3,9,2
DEEJAY DALLAS,RB,331.6,0.1,0.0,0.0,0.4,0.0,1.5,0.6,0.0,2.1,300.0,2.2,0.0,0.0,325.0,0.5,285.0,8.2,420.0,29.9,15.0,359.0,6.0,0.0,26.0,429.0,10.0,0.0,36.0,20.9,ARI,15.0,357.0,25,26,13,5
DEMARCUS ROBINSON,WR,225.4,4.7,0.0,0.0,2.0,0.3,28.5,0.1,0.0,1.8,141.0,61.4,0.0,0.0,222.3,6.7,139.0,87.4,222.0,32.4,11.0,295.0,26.0,4.0,371.0,226.0,1.0,0.0,23.0,33.1,LAR,11.0,297.0,11,22,6,3
DEMARIO DOUGLAS,WR,190.5,4.2,0.0,0.0,3.5,0.0,40.1,0.6,0.0,2.9,136.0,58.2,0.0,0.0,176.1,7.7,122.0,107.2,170.0,22.7,10.0,231.0,49.0,0.0,561.0,188.0,8.0,0.0,41.0,22.2,NE,10.0,242.0,25,9,31,1
DENERIC PRINCE,RB,382.0,0.0,,,,,,,,,382.0,0.0,,,,,,,,,,,,,,502.0,,,,0.0,KC,16.0,382.0,3,6,11,4
DENVER BRONCOS,DEF,242.0,6.9,0.0,0.0,0.0,0.0,0.0,0.0,0.0,0.0,160.0,118.0,0.0,0.0,243.0,6.9,160.0,118.0,260.0,39.8,12.0,350.0,0.0,0.0,0.0,257.0,0.0,0.0,0.0,39.9,DEN,12.0,349.0,8,9,18,0
DEON JACKSON,RB,309.0,-0.5,0.0,0.0,2.5,0.0,7.0,7.0,0.0,8.0,235.0,-1.0,0.0,0.0,274.0,2.0,250.0,4.0,444.0,24.0,15.0,298.0,5.0,0.0,14.0,437.0,14.0,0.0,16.0,64.9,FA,15.0,393.0,33,33,33,0
DEREK CARR,QB,160.4,14.7,1.5,228.1,0.0,0.0,0.0,1.9,0.0,2.4,118.0,249.1,25.0,3878.0,161.9,14.7,115.0,249.1,152.0,32.3,10.0,275.0,0.0,0.0,0.0,152.0,32.0,0.0,40.0,31.7,NO,10.0,275.0,11,18,8,1
DERIUS DAVIS,WR,321.5,1.2,0.0,0.0,0.9,0.0,3.9,0.8,0.0,5.9,294.0,20.7,0.0,0.0,323.5,2.1,297.0,35.7,475.0,26.5,16.0,350.0,15.0,0.0,66.0,471.0,14.0,0.0,101.0,27.5,LAC,16.0,349.0,30,25,25,4
DERNEST JOHNSON,RB,287.4,1.5,0.0,0.0,0.6,0.0,8.2,2.4,0.0,6.4,239.0,24.8,0.0,0.0,295.8,2.0,250.0,34.8,297.0,15.2,13.0,336.0,10.0,0.0,140.0,294.0,41.0,0.0,108.0,14.3,JAC,13.0,327.0,30,27,26,3
DERRICK HENRY,RB,19.0,12.9,0.0,0.0,1.6,0.0,12.6,16.5,0.7,68.6,8.0,218.7,0.0,0.0,40.5,14.5,13.0,246.7,41.0,14.0,5.0,76.0,28.0,0.0,214.0,15.0,280.0,12.0,1167.0,11.1,BAL,3.0,63.0,20,14,25,1
DESHAUN WATSON,QB,123.4,15.1,1.2,185.8,0.0,0.0,0.0,4.3,0.2,23.7,84.0,90.8,7.0,1115.0,124.5,15.1,84.0,90.8,123.0,15.0,9.0,178.0,0.0,0.0,0.0,120.0,26.0,1.0,142.0,14.1,CLE,9.0,178.0,25,26,18,1
DETROIT LIONS,DEF,257.9,6.3,0.0,0.0,0.0,0.0,0.0,0.0,0.0,0.0,189.0,107.0,0.0,0.0,257.6,6.3,189.0,107.0,271.0,35.6,12.0,354.0,0.0,0.0,0.0,269.0,0.0,0.0,0.0,37.9,DET,12.0,355.0,27,28,16,0
DEUCE VAUGHN,RB,286.2,1.1,0.0,0.0,1.0,0.0,5.7,3.3,0.0,5.7,235.0,8.0,0.0,0.0,281.5,2.1,237.0,15.0,278.0,21.8,12.0,406.0,7.0,0.0,40.0,280.0,23.0,0.0,40.0,21.8,DAL,12.0,393.0,5,4,23,3
DEVIN DUVERNAY,WR,359.7,0.3,0.0,0.0,0.3,0.0,1.4,0.3,0.0,1.2,335.0,3.3,0.0,0.0,360.0,0.6,334.0,7.3,486.0,25.7,16.0,395.0,4.0,0.0,18.0,483.0,4.0,0.0,15.0,25.0,JAC,16.0,394.0,32,31,21,5
DEVIN SINGLETARY,RB,97.7,8.1,0.0,0.0,1.8,0.0,11.4,12.7,0.2,52.8,71.0,137.3,0.0,0.0,103.4,9.8,69.0,167.3,105.0,15.8,8.0,145.0,30.0,0.0,193.0,100.0,216.0,4.0,898.0,13.7,NYG,8.0,144.0,13,1,32,1
DEVON ACHANE,RB,36.2,14.9,0.0,0.0,2.5,0.3,17.9,9.4,0.7,72.7,13.0,163.7,0.0,0.0,38.6,17.3,13.0,190.7,39.0,12.9,5.0,76.0,27.0,3.0,197.0,36.0,103.0,8.0,800.0,11.4,MIA,5.0,68.0,6,5,19,1
DEVONTA SMITH,WR,41.4,9.2,0.0,0.0,5.1,0.4,66.6,0.0,0.0,0.0,28.0,146.6,0.0,0.0,36.0,14.2,23.0,227.6,36.0,5.9,5.0,53.0,81.0,7.0,1066.0,39.0,0.0,0.0,0.0,6.6,PHI,5.0,61.0,6,11,7,2
DEVONTEZ WALKER,WR,262.3,0.0,0.0,0.0,0.0,0.0,0.0,0.0,0.0,0.0,169.0,0.0,0.0,0.0,264.1,0.0,231.0,0.0,272.0,19.7,12.0,346.0,0.0,0.0,0.0,268.0,0.0,0.0,0.0,24.6,BAL,12.0,361.0,12,10,13,3
DILLON JOHNSON,RB,338.8,0.0,0.0,0.0,0.0,0.0,0.0,0.0,0.0,0.0,274.0,0.0,0.0,0.0,347.0,0.0,281.0,0.0,457.0,48.1,15.0,393.0,0.0,0.0,0.0,446.0,0.0,0.0,0.0,54.3,TEN,15.0,393.0,11,13,6,4
DIONTAE JOHNSON,WR,81.2,7.8,0.0,0.0,3.9,0.4,55.2,0.0,0.0,0.0,43.0,101.7,0.0,0.0,75.2,11.7,41.0,152.7,72.0,17.0,7.0,119.0,51.0,5.0,717.0,80.0,0.0,0.0,0.0,16.9,CAR,7.0,131.0,17,13,18,1
DJ CHARK,WR,254.6,5.4,0.0,0.0,2.3,0.3,35.0,0.0,0.0,0.0,168.0,80.5,0.0,0.0,263.3,7.7,196.0,115.5,264.0,28.8,12.0,337.0,35.0,5.0,525.0,261.0,0.0,0.0,0.0,32.2,LAC,12.0,330.0,30,25,25,0
DJ MOORE,WR,29.4,11.2,0.0,0.0,5.6,0.5,80.2,0.2,0.1,1.2,10.0,190.5,0.0,0.0,31.1,16.9,12.0,286.5,26.0,9.1,4.0,62.0,96.0,8.0,1364.0,27.0,4.0,1.0,21.0,9.5,CHI,4.0,64.0,9,2,27,1
DK METCALF,WR,28.0,10.0,0.0,0.0,4.1,0.5,69.6,0.0,0.0,0.0,16.0,159.4,0.0,0.0,34.8,14.1,21.0,225.4,33.0,6.7,5.0,53.0,66.0,8.0,1114.0,26.0,0.0,0.0,0.0,6.0,SEA,4.0,41.0,3,7,4,1
DONALD PARHAM,TE,294.6,3.8,0.0,0.0,1.9,0.3,20.4,0.0,0.0,0.0,260.0,52.5,0.0,0.0,311.6,5.7,273.0,79.5,339.0,16.8,14.0,341.0,27.0,4.0,285.0,332.0,0.0,0.0,0.0,13.5,LAC,14.0,319.0,24,26,13,3
DONOVAN PEOPLES-JONES,WR,320.1,1.0,0.0,0.0,0.9,0.0,10.3,0.0,0.0,0.0,205.0,15.5,0.0,0.0,314.2,1.9,195.0,28.5,338.0,34.9,14.0,361.0,13.0,0.0,155.0,339.0,0.0,0.0,0.0,33.1,DET,14.0,375.0,24,30,11,4
DONTA FOREMAN,RB,215.5,8.9,0.0,0.0,1.2,0.1,8.6,12.1,0.4,47.2,151.0,80.2,0.0,0.0,236.4,10.1,151.0,91.2,235.0,24.9,12.0,316.0,11.0,1.0,77.0,213.0,109.0,4.0,425.0,28.0,CLE,11.0,280.0,4,8,8,3
DONTAYVION WICKS,WR,177.7,5.4,0.0,0.0,2.6,0.3,38.7,0.1,0.0,0.1,115.0,80.8,0.0,0.0,183.7,8.0,117.0,119.8,177.0,24.8,10.0,244.0,39.0,4.0,581.0,174.0,1.0,0.0,1.0,22.4,GB,10.0,243.0,5,5,17,4
DRAKE LONDON,WR,30.7,6.6,0.0,0.0,4.3,0.1,56.6,0.0,0.0,0.0,22.0,105.4,0.0,0.0,22.3,10.9,14.0,174.4,19.0,7.0,3.0,50.0,69.0,2.0,905.0,29.0,0.0,0.0,0.0,9.1,ATL,4.0,65.0,20,8,29,1
DRAKE MAYE,QB,241.5,0.0,0.0,0.0,0.0,0.0,0.0,0.0,0.0,0.0,139.0,0.0,0.0,0.0,242.0,0.0,140.0,0.0,237.0,37.4,12.0,320.0,0.0,0.0,0.0,234.0,0.0,0.0,0.0,36.7,NE,11.0,320.0,24,14,30,1
DREW LOCK,QB,333.4,8.0,0.8,135.8,0.0,0.0,0.0,1.3,0.0,3.5,215.0,32.1,3.0,543.0,333.9,8.0,215.0,32.1,353.0,40.4,14.0,397.0,0.0,0.0,0.0,351.0,5.0,0.0,14.0,39.3,NYG,14.0,397.0,9,22,1,2
DURHAM SMYTHE,TE,376.8,2.3,0.0,0.0,2.2,0.0,22.9,0.0,0.0,0.0,374.0,36.6,0.0,0.0,369.4,4.5,325.0,71.6,460.0,21.1,15.0,394.0,35.0,0.0,366.0,489.0,0.0,0.0,0.0,3.4,MIA,16.0,381.0,32,32,26,2
DUSTIN HOPKINS,K,227.2,9.9,0.0,0.0,0.0,0.0,0.0,0.0,0.0,0.0,173.0,149.0,0.0,0.0,226.9,9.9,173.0,149.0,242.0,14.2,12.0,252.0,0.0,0.0,0.0,242.0,0.0,0.0,0.0,14.1,CLE,12.0,252.0,4,2,18,1
DYAMI BROWN,WR,341.7,1.4,0.0,0.0,0.7,0.1,9.9,0.1,0.0,0.0,290.0,23.0,0.0,0.0,347.3,2.1,286.0,35.0,474.0,43.6,16.0,384.0,12.0,1.0,168.0,468.0,1.0,0.0,0.0,42.9,WAS,16.0,395.0,13,4,28,5
DYLAN LAUBE,RB,293.3,0.0,0.0,0.0,0.0,0.0,0.0,0.0,0.0,0.0,228.0,0.0,0.0,0.0,277.9,0.0,174.0,0.0,289.0,32.3,13.0,325.0,0.0,0.0,0.0,299.0,0.0,0.0,0.0,31.0,LV,13.0,344.0,9,19,3,4
EDDY PINEIRO,K,251.3,7.3,0.0,0.0,0.0,0.0,0.0,0.0,0.0,0.0,209.0,109.0,0.0,0.0,270.5,7.3,209.0,109.0,441.0,61.5,15.0,332.0,0.0,0.0,0.0,411.0,0.0,0.0,0.0,57.1,CAR,15.0,332.0,9,9,20,1
ELIJAH HIGGINS,TE,379.0,2.0,0.0,0.0,1.3,0.1,14.8,0.0,0.0,0.0,364.0,22.3,0.0,0.0,377.5,3.3,364.0,36.3,498.0,13.5,16.0,391.0,14.0,1.0,163.0,501.0,0.0,0.0,0.0,15.0,ARI,16.0,394.0,11,16,11,3
ELIJAH MITCHELL,RB,179.3,3.8,0.0,0.0,0.5,0.0,1.3,6.8,0.2,25.5,129.0,41.5,0.0,0.0,198.6,4.3,144.0,47.5,194.0,26.2,11.0,256.0,6.0,0.0,14.0,172.0,75.0,2.0,281.0,24.2,SF,10.0,238.0,10,12,5,2
ELIJAH MOORE,WR,209.2,4.3,0.0,0.0,3.5,0.1,37.6,0.5,0.0,0.6,141.0,73.1,0.0,0.0,197.6,7.8,122.0,132.1,191.0,27.9,11.0,264.0,59.0,2.0,640.0,206.0,9.0,0.0,11.0,26.1,CLE,11.0,268.0,26,18,30,3
EMANUEL WILSON,RB,377.0,1.5,,,,,,,,,372.0,10.8,,,,,,,,,,,,,,500.0,,,,5.0,GB,16.0,382.0,29,29,15,4
EMARI DEMERCADO,RB,306.6,3.7,0.0,0.0,1.5,0.0,8.5,4.1,0.1,20.3,257.0,52.3,0.0,0.0,298.8,5.2,260.0,73.3,309.0,15.3,13.0,325.0,21.0,0.0,119.0,314.0,58.0,2.0,284.0,17.5,ARI,13.0,342.0,25,26,13,3
EMEKA EMEZIE,WR,154.5,0.0,0.0,0.0,0.0,0.0,0.0,0.0,0.0,0.0,43.0,0.0,0.0,0.0,264.0,0.0,123.0,0.0,411.0,107.6,15.0,384.0,0.0,0.0,0.0,407.0,0.0,0.0,0.0,111.5,FA,15.0,266.0,33,33,33,0
ERIC GRAY,RB,298.6,0.5,0.0,0.0,0.4,0.0,1.6,1.2,0.0,3.4,240.0,7.0,0.0,0.0,301.9,0.9,247.0,13.0,308.0,24.3,13.0,359.0,6.0,0.0,22.0,303.0,17.0,0.0,48.0,26.4,NYG,13.0,362.0,13,1,32,3
ERICK ALL,TE,329.6,0.0,0.0,0.0,0.0,0.0,0.0,0.0,0.0,0.0,258.0,0.0,0.0,0.0,327.7,0.0,258.0,0.0,367.0,33.4,14.0,381.0,0.0,0.0,0.0,370.0,0.0,0.0,0.0,32.8,CIN,14.0,389.0,26,23,28,2
EVAN ENGRAM,TE,97.6,6.8,0.0,0.0,6.7,0.2,56.6,0.0,0.0,0.0,85.0,116.3,0.0,0.0,73.3,13.5,57.0,230.3,70.0,9.8,7.0,100.0,114.0,4.0,963.0,99.0,0.0,0.0,0.0,3.3,JAC,8.0,110.0,19,10,25,1
EVAN HULL,RB,282.0,0.7,0.0,0.0,1.0,0.0,6.0,1.0,0.0,1.0,188.0,0.7,0.0,0.0,280.2,1.7,176.0,1.7,280.0,27.8,12.0,320.0,1.0,0.0,6.0,279.0,1.0,0.0,1.0,24.4,IND,12.0,323.0,31,32,22,3
EVAN MCPHERSON,K,217.9,8.2,0.0,0.0,0.0,0.0,0.0,0.0,0.0,0.0,175.0,140.0,0.0,0.0,218.0,8.2,175.0,140.0,219.0,13.0,11.0,252.0,0.0,0.0,0.0,219.0,0.0,0.0,0.0,12.8,CIN,11.0,252.0,26,14,32,1
EZEKIEL ELLIOTT,RB,118.9,7.3,0.0,0.0,3.0,0.1,18.4,10.8,0.2,37.8,77.0,123.5,0.0,0.0,119.7,10.3,71.0,174.5,117.0,20.5,9.0,176.0,51.0,2.0,313.0,115.0,184.0,3.0,642.0,22.6,DAL,8.0,215.0,5,4,23,1
FOSTER MOREAU,TE,360.4,1.7,0.0,0.0,1.4,0.1,12.9,0.0,0.0,0.0,335.0,25.3,0.0,0.0,357.3,3.1,328.0,46.3,445.0,20.8,15.0,389.0,21.0,1.0,193.0,464.0,0.0,0.0,0.0,20.6,NO,15.0,391.0,13,22,5,2
FRANK GORE,RB,352.9,0.0,0.0,0.0,0.0,0.0,0.0,0.0,0.0,0.0,326.0,0.0,0.0,0.0,352.4,0.0,328.0,0.0,395.0,20.6,15.0,388.0,0.0,0.0,0.0,410.0,0.0,0.0,0.0,23.5,BUF,15.0,386.0,12,7,24,5
GABRIEL DAVIS,WR,139.3,6.8,0.0,0.0,2.6,0.4,43.9,0.1,0.0,-0.1,93.0,116.4,0.0,0.0,155.9,9.5,109.0,161.4,149.0,17.3,9.0,198.0,45.0,7.0,746.0,138.0,1.0,0.0,-2.0,16.7,JAC,9.0,173.0,32,31,21,2
GARDNER MINSHEW,QB,264.2,12.8,0.9,206.6,0.0,0.0,0.0,2.1,0.2,6.3,146.0,205.2,15.0,3305.0,264.7,12.8,146.0,205.2,263.0,40.9,12.0,355.0,0.0,0.0,0.0,259.0,34.0,3.0,100.0,39.3,LV,12.0,323.0,21,21,14,1
GARRETT WILSON,WR,12.5,7.0,0.0,0.0,5.6,0.2,61.3,0.2,0.0,0.0,9.0,118.2,0.0,0.0,11.0,12.5,9.0,213.2,10.0,1.9,2.0,19.0,95.0,3.0,1042.0,12.0,4.0,0.0,0.0,4.0,NYJ,2.0,23.0,16,20,12,1
GENO SMITH,QB,133.4,15.7,1.3,241.6,0.0,0.0,0.0,2.5,0.1,10.3,107.0,235.3,20.0,3624.0,134.7,15.8,107.0,236.3,133.0,12.2,9.0,171.0,0.0,0.0,0.0,129.0,37.0,1.0,155.0,10.5,SEA,9.0,158.0,12,19,7,1
GEORGE KITTLE,TE,68.5,8.6,0.0,0.0,4.1,0.4,63.8,0.1,0.0,0.1,49.0,138.2,0.0,0.0,91.6,12.7,57.0,203.2,91.0,7.5,8.0,105.0,65.0,6.0,1020.0,70.0,1.0,0.0,2.0,11.3,SF,6.0,98.0,12,7,22,1
GEORGE PICKENS,WR,48.3,8.6,0.0,0.0,3.7,0.3,67.1,0.2,0.0,1.1,28.0,145.8,0.0,0.0,56.9,12.3,32.0,208.8,57.0,13.8,6.0,89.0,63.0,5.0,1140.0,47.0,3.0,0.0,18.0,11.5,PIT,5.0,80.0,23,26,20,1
GERALD EVERETT,TE,262.6,4.0,0.0,0.0,3.4,0.2,27.4,0.2,0.0,0.7,130.0,60.1,0.0,0.0,256.5,7.4,143.0,111.1,257.0,36.8,12.0,368.0,51.0,3.0,411.0,262.0,3.0,0.0,10.0,33.4,CHI,12.0,356.0,20,19,16,2
GRAHAM GANO,K,226.8,6.3,0.0,0.0,0.0,0.0,0.0,0.0,0.0,0.0,208.0,50.0,0.0,0.0,233.0,6.3,221.0,50.0,401.0,8.5,15.0,239.0,0.0,0.0,0.0,391.0,0.0,0.0,0.0,13.1,NYG,15.0,239.0,19,15,23,1
GREEN BAY PACKERS,DEF,274.6,6.8,0.0,0.0,0.0,0.0,0.0,0.0,0.0,0.0,183.0,115.0,0.0,0.0,273.1,6.8,183.0,115.0,321.0,46.4,13.0,338.0,0.0,0.0,0.0,322.0,0.0,0.0,0.0,46.9,GB,13.0,348.0,19,24,6,0
GREG DORTCH,WR,279.6,2.5,0.0,0.0,1.5,0.1,17.5,0.1,0.0,0.3,223.0,40.5,0.0,0.0,273.5,4.0,207.0,64.5,323.0,34.7,13.0,333.0,24.0,2.0,280.0,323.0,1.0,0.0,5.0,31.3,ARI,13.0,334.0,7,14,5,4
GREG DULCICH,TE,248.0,1.3,0.0,0.0,1.5,0.0,12.5,0.0,0.0,0.0,154.0,2.5,0.0,0.0,249.7,2.8,143.0,5.5,283.0,40.8,13.0,341.0,3.0,0.0,25.0,287.0,0.0,0.0,0.0,41.5,DEN,13.0,326.0,30,25,30,1
GREG JOSEPH,K,225.4,7.0,0.0,0.0,0.0,0.0,0.0,0.0,0.0,0.0,210.0,119.0,0.0,0.0,229.3,7.0,210.0,119.0,388.0,14.5,15.0,250.0,0.0,0.0,0.0,380.0,0.0,0.0,0.0,14.6,GB,14.0,249.0,22,19,22,1
GREG ZUERLEIN,K,273.0,8.9,0.0,0.0,0.0,0.0,0.0,0.0,0.0,0.0,197.0,143.0,0.0,0.0,271.8,8.9,197.0,143.0,306.0,37.6,13.0,332.0,0.0,0.0,0.0,309.0,0.0,0.0,0.0,38.6,NYJ,13.0,332.0,30,29,12,1
GUS EDWARDS,RB,97.3,10.3,0.0,0.0,0.7,0.0,10.6,11.6,0.8,47.6,67.0,175.0,0.0,0.0,122.3,11.0,86.0,187.0,121.0,11.5,9.0,151.0,12.0,0.0,180.0,97.0,198.0,13.0,810.0,19.1,LAC,8.0,142.0,21,22,10,1
HARRISON BUTKER,K,196.2,9.1,0.0,0.0,0.0,0.0,0.0,0.0,0.0,0.0,167.0,154.0,0.0,0.0,195.8,9.1,167.0,154.0,195.0,7.0,11.0,210.0,0.0,0.0,0.0,195.0,0.0,0.0,0.0,7.7,KC,11.0,224.0,18,21,10,1
HAYDEN HURST,TE,290.4,2.4,0.0,0.0,1.8,0.1,18.4,0.0,0.0,0.0,209.0,24.4,0.0,0.0,285.5,4.2,208.0,42.4,327.0,30.6,13.0,341.0,18.0,1.0,184.0,328.0,0.0,0.0,0.0,31.3,LAC,13.0,344.0,24,26,13,1
HOUSTON TEXANS,DEF,199.8,7.7,0.0,0.0,0.0,0.0,0.0,0.0,0.0,0.0,160.0,131.0,0.0,0.0,199.8,7.7,160.0,131.0,201.0,19.6,11.0,309.0,0.0,0.0,0.0,204.0,0.0,0.0,0.0,18.5,HOU,11.0,296.0,17,25,4,0
HUNTER HENRY,TE,149.0,5.6,0.0,0.0,3.0,0.4,29.9,0.0,0.0,0.0,110.0,77.9,0.0,0.0,152.8,8.6,123.0,119.9,148.0,22.6,9.0,225.0,42.0,6.0,419.0,141.0,0.0,0.0,0.0,21.2,NE,9.0,209.0,14,20,12,1
HUNTER RENFROW,WR,326.6,1.4,0.0,0.0,1.5,0.0,15.0,0.0,0.0,0.0,271.0,23.5,0.0,0.0,298.8,2.9,231.0,48.5,343.0,33.0,14.0,370.0,25.0,0.0,255.0,357.0,0.0,0.0,0.0,31.6,FA,14.0,379.0,33,33,33,0
INDIANAPOLIS COLTS,DEF,232.6,8.2,0.0,0.0,0.0,0.0,0.0,0.0,0.0,0.0,177.0,139.0,0.0,0.0,233.4,8.2,177.0,139.0,243.0,31.4,12.0,323.0,0.0,0.0,0.0,244.0,0.0,0.0,0.0,30.9,IND,12.0,323.0,15,10,25,0
IRV SMITH,TE,326.2,1.3,0.0,0.0,1.5,0.1,9.6,0.0,0.0,0.0,232.0,15.5,0.0,0.0,307.0,2.8,157.0,33.5,405.0,81.7,15.0,381.0,18.0,1.0,115.0,422.0,0.0,0.0,0.0,53.6,KC,15.0,381.0,5,2,23,3
ISAAC GUERENDO,RB,278.3,0.0,0.0,0.0,0.0,0.0,0.0,0.0,0.0,0.0,228.0,0.0,0.0,0.0,288.2,0.0,218.0,0.0,298.0,22.6,13.0,331.0,0.0,0.0,0.0,288.0,0.0,0.0,0.0,20.3,SF,13.0,334.0,10,12,5,3
ISAIAH DAVIS,RB,323.1,0.0,0.0,0.0,0.0,0.0,0.0,0.0,0.0,0.0,272.0,0.0,0.0,0.0,327.4,0.0,276.0,0.0,371.0,32.5,14.0,386.0,0.0,0.0,0.0,365.0,0.0,0.0,0.0,34.8,NYJ,14.0,365.0,22,24,16,5
ISAIAH HODGINS,WR,310.0,2.3,0.0,0.0,1.2,0.2,13.5,0.0,0.0,0.0,194.0,39.0,0.0,0.0,338.1,3.5,274.0,60.0,407.0,47.7,15.0,408.0,21.0,3.0,230.0,425.0,0.0,0.0,0.0,74.3,NYG,15.0,395.0,4,23,1,7
ISAIAH LIKELY,TE,201.7,4.2,0.0,0.0,1.8,0.3,24.2,0.0,0.0,0.0,111.0,71.1,0.0,0.0,220.6,5.9,137.0,101.1,215.0,34.3,11.0,294.0,30.0,5.0,411.0,194.0,0.0,0.0,0.0,33.8,BAL,11.0,286.0,6,12,10,2
ISAIAH MCKENZIE,WR,329.7,0.4,0.0,0.0,0.8,0.0,6.3,0.2,0.0,1.1,317.0,5.6,0.0,0.0,323.7,1.3,314.0,16.6,450.0,7.8,15.0,333.0,11.0,0.0,82.0,455.0,3.0,0.0,14.0,11.6,NYG,15.0,345.0,4,23,1,6
ISAIAH SPILLER,RB,309.1,1.4,0.0,0.0,0.7,0.0,3.8,4.1,0.0,10.7,275.0,13.0,0.0,0.0,315.5,2.1,284.0,19.0,318.0,17.5,13.0,376.0,6.0,0.0,34.0,315.0,37.0,0.0,96.0,16.2,LAC,13.0,362.0,21,22,10,4
ISIAH PACHECO,RB,35.3,12.1,0.0,0.0,3.1,0.1,17.4,14.6,0.5,66.8,14.0,169.9,0.0,0.0,38.0,15.3,16.0,213.9,38.0,10.4,5.0,66.0,44.0,2.0,244.0,35.0,205.0,7.0,935.0,9.3,KC,5.0,63.0,3,6,11,1
ISRAEL ABANIKANDA,RB,284.1,1.3,0.0,0.0,1.0,0.0,6.1,3.1,0.0,10.0,243.0,9.3,0.0,0.0,295.2,2.3,230.0,16.3,296.0,24.2,13.0,378.0,7.0,0.0,43.0,290.0,22.0,0.0,70.0,19.3,NYJ,13.0,357.0,22,24,16,3
JACKSONVILLE JAGUARS,DEF,242.6,7.1,0.0,0.0,0.0,0.0,0.0,0.0,0.0,0.0,184.0,120.0,0.0,0.0,243.8,7.1,184.0,120.0,276.0,38.2,12.0,318.0,0.0,0.0,0.0,275.0,0.0,0.0,0.0,37.0,JAC,12.0,318.0,28,31,13,0
JACOB COWING,WR,287.6,0.0,0.0,0.0,0.0,0.0,0.0,0.0,0.0,0.0,261.0,0.0,0.0,0.0,287.3,0.0,257.0,0.0,305.0,23.9,13.0,372.0,0.0,0.0,0.0,305.0,0.0,0.0,0.0,23.1,SF,13.0,370.0,2,3,9,6
JACOBY BRISSETT,QB,298.7,7.6,1.0,74.7,0.0,0.0,0.0,1.0,0.0,6.3,193.0,22.9,3.0,224.0,299.1,7.6,193.0,22.9,315.0,29.3,13.0,347.0,0.0,0.0,0.0,311.0,3.0,0.0,19.0,30.0,NE,13.0,347.0,24,14,30,2
JAHAN DOTSON,WR,152.8,4.5,0.0,0.0,2.9,0.2,30.5,0.0,0.0,0.0,108.0,75.8,0.0,0.0,146.6,7.3,99.0,124.8,144.0,21.1,9.0,226.0,49.0,4.0,518.0,149.0,0.0,0.0,0.0,18.2,WAS,9.0,221.0,13,4,28,2
JAHEIM BELL,TE,347.5,0.0,0.0,0.0,0.0,0.0,0.0,0.0,0.0,0.0,308.0,0.0,0.0,0.0,346.5,0.0,318.0,0.0,389.0,15.8,15.0,366.0,0.0,0.0,0.0,389.0,0.0,0.0,0.0,14.4,NE,14.0,366.0,14,20,12,0
JAHMYR GIBBS,RB,14.5,12.7,0.0,0.0,3.5,0.1,21.1,12.1,0.7,63.0,8.0,190.1,0.0,0.0,13.0,16.1,8.0,242.1,12.0,3.5,3.0,33.0,52.0,1.0,316.0,13.0,182.0,10.0,945.0,4.2,DET,3.0,37.0,14,11,18,1
JAKE BOBO,WR,344.6,2.2,0.0,0.0,1.1,0.1,11.5,0.1,0.1,0.2,296.0,37.9,0.0,0.0,347.6,3.3,294.0,56.9,443.0,33.9,15.0,384.0,19.0,2.0,196.0,438.0,1.0,1.0,3.0,31.2,SEA,15.0,379.0,3,7,4,5
JAKE BROWNING,QB,354.9,16.7,1.3,215.1,0.0,0.0,0.0,3.0,0.3,14.1,300.0,150.4,12.0,1936.0,356.3,16.8,300.0,151.4,399.0,33.7,15.0,397.0,0.0,0.0,0.0,398.0,27.0,3.0,127.0,35.2,CIN,15.0,397.0,30,32,26,2
JAKE ELLIOTT,K,205.6,9.2,0.0,0.0,0.0,0.0,0.0,0.0,0.0,0.0,163.0,156.0,0.0,0.0,206.6,9.2,163.0,156.0,206.0,13.8,11.0,287.0,0.0,0.0,0.0,210.0,0.0,0.0,0.0,9.6,PHI,11.0,239.0,23,25,16,1
JAKE FERGUSON,TE,97.5,6.2,0.0,0.0,4.2,0.3,44.8,0.0,0.0,0.0,78.0,106.1,0.0,0.0,98.0,10.4,73.0,177.1,97.0,16.7,8.0,228.0,71.0,5.0,761.0,98.0,0.0,0.0,0.0,19.9,DAL,8.0,253.0,29,28,21,1
JAKE MOODY,K,210.7,7.7,0.0,0.0,0.0,0.0,0.0,0.0,0.0,0.0,169.0,131.0,0.0,0.0,210.8,7.7,169.0,131.0,208.0,12.3,11.0,252.0,0.0,0.0,0.0,208.0,0.0,0.0,0.0,12.0,SF,11.0,252.0,17,28,4,1
JAKOBI MEYERS,WR,127.3,9.2,0.0,0.0,4.4,0.5,50.4,0.3,0.1,1.5,89.0,147.6,0.0,0.0,114.6,13.7,63.0,218.6,113.0,15.3,8.0,167.0,71.0,8.0,807.0,126.0,4.0,2.0,24.0,15.2,LV,9.0,173.0,18,17,22,2
JALEEL MCLAUGHLIN,RB,165.2,4.4,0.0,0.0,1.8,0.1,9.4,4.5,0.1,24.1,117.0,75.0,0.0,0.0,160.6,6.2,101.0,106.0,155.0,33.6,10.0,314.0,31.0,2.0,160.0,157.0,76.0,1.0,410.0,30.7,DEN,10.0,323.0,19,18,20,2
JALEN HURTS,QB,26.3,21.9,1.4,226.9,0.0,0.0,0.0,9.2,0.9,35.6,17.0,371.8,23.0,3858.0,26.6,21.9,18.0,371.8,23.0,4.8,4.0,46.0,0.0,0.0,0.0,24.0,157.0,15.0,605.0,4.9,PHI,4.0,46.0,17,16,13,1
JALEN MCMILLAN,WR,263.6,0.0,0.0,0.0,0.0,0.0,0.0,0.0,0.0,0.0,155.0,0.0,0.0,0.0,258.1,0.0,153.0,0.0,266.0,27.9,12.0,306.0,0.0,0.0,0.0,271.0,0.0,0.0,0.0,26.4,TB,12.0,311.0,21,16,24,3
JALEN TOLBERT,WR,268.3,2.2,0.0,0.0,1.3,0.1,15.8,0.0,0.0,0.0,196.0,36.8,0.0,0.0,265.4,3.5,182.0,58.8,316.0,50.2,13.0,399.0,22.0,2.0,268.0,317.0,0.0,0.0,0.0,45.5,DAL,13.0,377.0,1,1,2,3
JALIN HYATT,WR,223.4,2.2,0.0,0.0,1.4,0.0,21.9,0.0,0.0,0.0,165.0,37.3,0.0,0.0,222.7,3.5,165.0,60.3,220.0,21.9,11.0,286.0,23.0,0.0,373.0,221.0,0.0,0.0,0.0,23.1,NYG,11.0,290.0,4,23,1,4
JALYNN POLK,WR,201.0,0.0,0.0,0.0,0.0,0.0,0.0,0.0,0.0,0.0,99.0,0.0,0.0,0.0,196.3,0.0,120.0,0.0,198.0,27.9,11.0,257.0,0.0,0.0,0.0,199.0,0.0,0.0,0.0,29.6,NE,11.0,265.0,25,9,31,3
JAMAAL WILLIAMS,RB,244.7,3.3,0.0,0.0,1.4,0.0,4.8,8.2,0.1,23.5,162.0,42.8,0.0,0.0,243.6,4.7,168.0,60.8,244.0,24.6,12.0,298.0,18.0,0.0,62.0,245.0,106.0,1.0,306.0,21.2,NO,12.0,303.0,27,20,31,3
JAMARI THRASH,WR,370.2,0.0,0.0,0.0,0.0,0.0,0.0,0.0,0.0,0.0,320.0,0.0,0.0,0.0,363.8,0.0,305.0,0.0,431.0,24.7,15.0,395.0,0.0,0.0,0.0,444.0,0.0,0.0,0.0,24.3,CLE,15.0,396.0,26,18,30,4
JAMARR CHASE,WR,4.0,10.2,0.0,0.0,6.3,0.4,76.0,0.2,0.0,-0.4,2.0,162.7,0.0,0.0,5.5,16.4,2.0,262.7,6.0,1.8,2.0,7.0,100.0,7.0,1216.0,4.0,3.0,0.0,-6.0,0.9,CIN,1.0,7.0,27,27,23,1
JAMEIS WINSTON,QB,348.2,2.1,0.3,37.7,0.0,0.0,0.0,0.7,0.0,-0.9,299.0,15.0,2.0,264.0,347.3,2.1,299.0,15.0,378.0,27.4,14.0,397.0,0.0,0.0,0.0,381.0,5.0,0.0,-6.0,29.7,CLE,14.0,397.0,25,26,18,2
JAMES CONNER,RB,65.2,13.4,0.0,0.0,2.1,0.2,12.7,16.0,0.5,80.0,37.0,174.5,0.0,0.0,71.9,15.5,42.0,201.5,69.0,11.7,7.0,102.0,27.0,2.0,165.0,60.0,208.0,7.0,1040.0,10.2,ARI,6.0,97.0,25,26,13,1
JAMES COOK,RB,47.0,11.1,0.0,0.0,2.6,0.2,26.2,13.9,0.1,66.0,18.0,188.7,0.0,0.0,48.6,13.7,17.0,232.7,45.0,11.3,6.0,74.0,44.0,4.0,445.0,45.0,237.0,2.0,1122.0,10.7,BUF,5.0,74.0,12,7,24,1
JAMES ROBINSON,RB,303.3,0.0,0.0,0.0,1.0,0.0,-2.0,1.0,0.0,2.0,240.0,0.0,0.0,0.0,284.0,1.0,259.0,1.0,449.0,25.0,15.0,309.0,1.0,0.0,-2.0,434.0,1.0,0.0,2.0,46.0,NO,15.0,348.0,27,20,31,0
JAMESON WILLIAMS,WR,109.9,4.7,0.0,0.0,2.0,0.2,29.5,0.3,0.1,2.4,61.0,56.3,0.0,0.0,126.5,6.7,80.0,80.3,125.0,24.7,9.0,246.0,24.0,2.0,354.0,107.0,3.0,1.0,29.0,25.8,DET,8.0,242.0,24,30,11,2
JAMISON CROWDER,WR,330.4,1.2,0.0,0.0,0.9,0.1,9.4,0.0,0.0,0.0,237.0,19.9,0.0,0.0,354.8,2.1,304.0,35.9,438.0,35.2,15.0,395.0,16.0,1.0,159.0,427.0,0.0,0.0,0.0,50.5,WAS,15.0,383.0,13,4,28,4
JAMYCAL HASTY,RB,300.5,0.0,0.0,0.0,0.0,0.0,0.0,0.0,0.0,0.0,287.0,0.0,0.0,0.0,325.0,0.0,292.0,0.0,452.0,32.4,15.0,369.0,0.0,0.0,0.0,463.0,0.0,0.0,0.0,13.5,NE,15.0,314.0,8,10,7,4
JARED GOFF,QB,89.7,17.8,1.8,269.1,0.0,0.0,0.0,1.9,0.1,1.2,72.0,303.1,30.0,4575.0,90.6,17.8,72.0,303.1,88.0,13.0,7.0,128.0,0.0,0.0,0.0,88.0,32.0,2.0,21.0,11.7,DET,7.0,128.0,23,25,20,1
JARED WILEY,TE,368.6,0.0,0.0,0.0,0.0,0.0,0.0,0.0,0.0,0.0,335.0,0.0,0.0,0.0,366.2,0.0,334.0,0.0,463.0,24.4,15.0,394.0,0.0,0.0,0.0,473.0,0.0,0.0,0.0,22.6,KC,16.0,394.0,5,2,23,0
JARRETT STIDHAM,QB,359.8,9.2,0.7,165.3,0.0,0.0,0.0,3.0,0.0,2.7,320.0,27.6,2.0,496.0,357.8,9.2,320.0,27.6,412.0,24.7,15.0,387.0,0.0,0.0,0.0,406.0,9.0,0.0,8.0,24.0,DEN,15.0,390.0,19,20,10,0
JASE MCCLELLAN,RB,345.0,0.0,0.0,0.0,0.0,0.0,0.0,0.0,0.0,0.0,286.0,0.0,0.0,0.0,347.0,0.0,265.0,0.0,392.0,37.1,15.0,386.0,0.0,0.0,0.0,390.0,0.0,0.0,0.0,30.1,ATL,15.0,380.0,7,15,2,0
JASON MYERS,K,248.4,9.3,0.0,0.0,0.0,0.0,0.0,0.0,0.0,0.0,194.0,158.0,0.0,0.0,249.4,9.3,190.0,158.0,253.0,19.3,12.0,322.0,0.0,0.0,0.0,256.0,0.0,0.0,0.0,16.9,SEA,12.0,308.0,13,27,2,1
JASON SANDERS,K,198.8,8.6,0.0,0.0,0.0,0.0,0.0,0.0,0.0,0.0,161.0,146.0,0.0,0.0,198.6,8.6,161.0,146.0,197.0,12.3,11.0,251.0,0.0,0.0,0.0,197.0,0.0,0.0,0.0,12.2,MIA,11.0,251.0,12,5,30,1
JATAVION SANDERS,TE,258.5,0.0,0.0,0.0,0.0,0.0,0.0,0.0,0.0,0.0,154.0,0.0,0.0,0.0,245.0,0.0,137.0,0.0,248.0,28.6,12.0,305.0,0.0,0.0,0.0,260.0,0.0,0.0,0.0,28.5,CAR,12.0,322.0,4,8,1,1
JAUAN JENNINGS,WR,315.8,2.5,0.0,0.0,1.5,0.1,20.4,0.0,0.0,0.0,258.0,32.5,0.0,0.0,316.6,4.0,254.0,51.5,352.0,27.2,14.0,357.0,19.0,1.0,265.0,348.0,0.0,0.0,0.0,28.0,SF,14.0,354.0,2,3,9,4
JAVON BAKER,WR,235.1,0.0,0.0,0.0,0.0,0.0,0.0,0.0,0.0,0.0,164.0,0.0,0.0,0.0,230.3,0.0,154.0,0.0,223.0,30.7,11.0,311.0,0.0,0.0,0.0,228.0,0.0,0.0,0.0,30.8,NE,11.0,311.0,25,9,31,4
JAVONTE WILLIAMS,RB,95.6,8.3,0.0,0.0,2.9,0.1,14.3,13.6,0.2,48.4,69.0,132.2,0.0,0.0,87.0,11.2,66.0,179.2,82.0,14.8,7.0,129.0,47.0,2.0,228.0,93.0,217.0,3.0,774.0,12.8,DEN,8.0,122.0,19,18,20,1
JAWHAR JORDAN,RB,337.0,0.0,0.0,0.0,0.0,0.0,0.0,0.0,0.0,0.0,282.0,0.0,0.0,0.0,325.5,0.0,261.0,0.0,364.0,41.7,14.0,388.0,0.0,0.0,0.0,376.0,0.0,0.0,0.0,31.8,HOU,14.0,392.0,2,3,21,3
JAXON SMITH-NJIGBA,WR,113.0,5.1,0.0,0.0,3.7,0.2,36.9,0.0,0.0,0.0,73.0,86.8,0.0,0.0,89.3,8.8,50.0,149.8,86.0,14.6,7.0,122.0,63.0,4.0,628.0,111.0,0.0,0.0,0.0,14.2,SEA,8.0,148.0,3,7,4,3
JAYDEN DANIELS,QB,90.6,0.0,0.0,0.0,0.0,0.0,0.0,0.0,0.0,0.0,58.0,0.0,0.0,0.0,91.4,0.0,58.0,0.0,89.0,25.9,8.0,235.0,0.0,0.0,0.0,89.0,0.0,0.0,0.0,27.0,WAS,7.0,254.0,13,2,29,1
JAYDEN REED,WR,65.3,9.6,0.0,0.0,4.0,0.5,49.6,0.7,0.1,7.4,38.0,153.2,0.0,0.0,76.4,13.6,43.0,217.2,74.0,13.2,7.0,109.0,64.0,8.0,793.0,61.0,11.0,2.0,119.0,12.4,GB,6.0,99.0,5,5,17,1
JAYLEN WADDLE,WR,34.1,9.0,0.0,0.0,5.1,0.3,72.4,0.2,0.0,0.9,19.0,126.6,0.0,0.0,28.4,14.2,15.0,198.6,25.0,6.2,4.0,42.0,72.0,4.0,1014.0,34.0,3.0,0.0,12.0,5.3,MIA,4.0,44.0,29,12,32,2
JAYLEN WARREN,RB,104.9,8.0,0.0,0.0,3.6,0.0,21.8,8.8,0.2,46.1,74.0,135.4,0.0,0.0,81.0,11.6,62.0,196.4,80.0,14.6,7.0,131.0,61.0,0.0,370.0,105.0,149.0,4.0,784.0,13.3,PIT,8.0,139.0,17,23,4,1
JAYLEN WRIGHT,RB,189.9,0.0,0.0,0.0,0.0,0.0,0.0,0.0,0.0,0.0,119.0,0.0,0.0,0.0,194.9,0.0,131.0,0.0,192.0,39.9,11.0,317.0,0.0,0.0,0.0,187.0,0.0,0.0,0.0,40.9,MIA,10.0,321.0,6,5,19,3
JEFFERY WILSON,RB,276.4,2.7,0.0,0.0,1.4,0.0,8.5,4.1,0.0,18.8,227.0,27.3,0.0,0.0,286.8,4.1,221.0,41.3,288.0,20.7,13.0,341.0,14.0,0.0,85.0,282.0,41.0,0.0,188.0,23.7,MIA,12.0,380.0,6,5,19,4
JELANI WOODS,TE,246.2,0.0,0.0,0.0,0.0,0.0,0.0,0.0,0.0,0.0,154.0,0.0,0.0,0.0,255.9,0.0,157.0,0.0,261.0,28.6,12.0,305.0,0.0,0.0,0.0,250.0,0.0,0.0,0.0,31.7,IND,12.0,299.0,21,24,7,1
JEREMY RUCKERT,TE,345.6,1.0,0.0,0.0,1.1,0.0,10.1,0.0,0.0,0.0,285.0,15.1,0.0,0.0,348.4,2.1,295.0,31.1,377.0,21.3,14.0,389.0,16.0,0.0,151.0,377.0,0.0,0.0,0.0,25.8,NYJ,14.0,391.0,28,21,31,2
JERICK MCKINNON,RB,294.3,5.0,0.0,0.0,2.1,0.3,16.0,1.8,0.1,5.0,204.0,59.4,0.0,0.0,290.7,7.0,163.0,84.4,307.0,42.0,13.0,400.0,25.0,4.0,192.0,312.0,21.0,1.0,60.0,34.0,FA,13.0,380.0,33,33,33,0
JERMAINE BURTON,WR,203.6,0.0,0.0,0.0,0.0,0.0,0.0,0.0,0.0,0.0,108.0,0.0,0.0,0.0,202.5,0.0,115.0,0.0,190.0,35.8,11.0,311.0,0.0,0.0,0.0,192.0,0.0,0.0,0.0,36.0,CIN,11.0,314.0,27,27,23,3
JEROME FORD,RB,123.0,9.8,0.0,0.0,2.6,0.3,18.8,12.0,0.2,47.8,74.0,167.2,0.0,0.0,124.8,12.4,74.0,211.2,124.0,15.3,9.0,153.0,44.0,5.0,319.0,119.0,204.0,4.0,813.0,14.3,CLE,9.0,162.0,4,8,8,2
JERROD MEANS,WR,360.0,0.0,0.0,0.0,0.0,0.0,0.0,0.0,0.0,0.0,324.0,0.0,0.0,0.0,377.5,0.0,377.0,0.0,499.0,0.5,16.0,378.0,0.0,0.0,0.0,486.0,0.0,0.0,0.0,25.5,NO,16.0,378.0,15,21,10,5
JERRY JEUDY,WR,148.6,5.5,0.0,0.0,3.4,0.1,47.4,0.0,0.0,0.0,108.0,87.8,0.0,0.0,144.9,8.9,106.0,141.8,142.0,18.0,9.0,203.0,54.0,2.0,758.0,146.0,0.0,0.0,0.0,17.6,CLE,9.0,201.0,26,18,30,2
JIMMY GAROPPOLO,QB,358.2,10.4,1.0,172.1,0.0,0.0,0.0,2.9,0.0,5.6,300.0,73.1,7.0,1205.0,348.0,10.4,300.0,73.1,459.0,38.5,15.0,395.0,0.0,0.0,0.0,461.0,20.0,0.0,39.0,40.0,LAR,15.0,397.0,20,17,15,2
JJ MCCARTHY,QB,192.3,0.0,0.0,0.0,0.0,0.0,0.0,0.0,0.0,0.0,107.0,0.0,0.0,0.0,192.8,0.0,107.0,0.0,180.0,52.1,10.0,318.0,0.0,0.0,0.0,178.0,0.0,0.0,0.0,50.8,MIN,10.0,315.0,3,10,2,1
JK DOBBINS,RB,164.7,9.7,0.0,0.0,2.0,0.0,15.0,8.0,1.0,22.0,95.0,9.7,0.0,0.0,170.1,11.7,98.0,11.7,163.0,28.6,10.0,256.0,2.0,0.0,15.0,159.0,8.0,1.0,22.0,28.6,LAC,10.0,256.0,21,22,10,2
JOE BURROW,QB,57.3,15.3,1.5,230.9,0.0,0.0,0.0,3.1,0.0,8.8,46.0,153.2,15.0,2309.0,57.7,15.3,46.0,153.2,58.0,6.1,6.0,78.0,0.0,0.0,0.0,55.0,31.0,0.0,88.0,5.6,CIN,6.0,72.0,30,32,26,1
JOE FLACCO,QB,335.3,21.8,2.6,323.2,0.0,0.0,0.0,1.8,0.0,0.4,286.0,108.8,13.0,1616.0,338.5,21.8,296.0,108.8,376.0,24.4,14.0,385.0,0.0,0.0,0.0,369.0,9.0,0.0,2.0,27.1,IND,14.0,385.0,26,27,16,2
JOE MIXON,RB,44.6,12.6,0.0,0.0,3.1,0.2,22.1,15.1,0.5,60.8,20.0,215.0,0.0,0.0,50.0,15.7,16.0,267.0,48.0,9.1,6.0,69.0,52.0,3.0,376.0,42.0,257.0,9.0,1034.0,9.0,HOU,5.0,69.0,2,3,21,1
JOHN METCHIE,WR,324.6,1.0,0.0,0.0,1.0,0.0,9.9,0.1,0.0,0.3,256.0,16.2,0.0,0.0,319.6,2.0,226.0,32.2,351.0,43.4,14.0,394.0,16.0,0.0,158.0,350.0,1.0,0.0,4.0,40.3,HOU,14.0,393.0,31,32,16,6
JOHN MUNDT,TE,355.8,1.4,0.0,0.0,1.0,0.1,10.1,0.0,0.0,0.0,316.0,23.2,0.0,0.0,355.8,2.4,314.0,40.2,417.0,18.9,15.0,389.0,17.0,1.0,172.0,413.0,0.0,0.0,0.0,18.0,MIN,15.0,389.0,3,3,6,3
JOHNNY WILSON,WR,343.7,0.0,0.0,0.0,0.0,0.0,0.0,0.0,0.0,0.0,276.0,0.0,0.0,0.0,341.6,0.0,298.0,0.0,373.0,25.1,14.0,390.0,0.0,0.0,0.0,375.0,0.0,0.0,0.0,26.5,PHI,14.0,384.0,6,11,7,4
JONATHAN MINGO,WR,258.6,2.8,0.0,0.0,2.9,0.0,27.9,0.0,0.0,0.0,208.0,41.8,0.0,0.0,241.4,5.7,164.0,84.8,245.0,32.3,12.0,345.0,43.0,0.0,418.0,258.0,0.0,0.0,0.0,26.8,CAR,12.0,349.0,17,13,18,4
JONATHAN TAYLOR,RB,11.9,13.7,0.0,0.0,1.9,0.1,15.3,16.9,0.7,74.1,6.0,137.4,0.0,0.0,15.1,15.6,11.0,156.4,13.0,6.7,3.0,42.0,19.0,1.0,153.0,11.0,169.0,7.0,741.0,2.3,IND,2.0,18.0,31,32,22,1
JONATHON BROOKS,RB,107.4,0.0,0.0,0.0,0.0,0.0,0.0,0.0,0.0,0.0,63.0,0.0,0.0,0.0,113.4,0.0,45.0,0.0,111.0,45.9,8.0,309.0,0.0,0.0,0.0,106.0,0.0,0.0,0.0,51.9,CAR,8.0,311.0,32,31,27,1
JONNU SMITH,TE,237.3,4.4,0.0,0.0,2.9,0.2,34.2,0.1,0.0,0.0,130.0,74.2,0.0,0.0,235.2,7.3,137.0,124.2,282.0,43.3,13.0,335.0,50.0,3.0,582.0,278.0,1.0,0.0,0.0,41.1,MIA,12.0,325.0,32,32,26,1
JORDAN ADDISON,WR,90.6,8.9,0.0,0.0,4.1,0.6,53.6,0.1,0.0,0.1,59.0,151.3,0.0,0.0,87.4,13.0,61.0,221.3,84.0,14.9,7.0,125.0,70.0,10.0,911.0,90.0,1.0,0.0,2.0,16.4,MIN,7.0,134.0,10,24,3,2
JORDAN AKINS,TE,364.5,0.8,0.0,0.0,0.9,0.0,7.8,0.0,0.0,0.0,348.0,13.2,0.0,0.0,364.5,1.7,348.0,28.2,492.0,16.5,16.0,381.0,15.0,0.0,132.0,498.0,0.0,0.0,0.0,16.5,CLE,16.0,381.0,1,4,2,2
JORDAN LOVE,QB,67.4,19.4,1.9,244.6,0.0,0.0,0.0,2.9,0.2,14.5,46.0,330.1,32.0,4159.0,68.1,19.4,46.0,330.1,66.0,10.2,7.0,91.0,0.0,0.0,0.0,68.0,50.0,4.0,247.0,9.1,GB,6.0,84.0,6,1,22,1
JORDAN MASON,RB,282.6,2.6,0.0,0.0,0.2,0.0,1.9,2.5,0.2,12.9,228.0,41.7,0.0,0.0,287.2,2.8,228.0,44.7,295.0,23.5,13.0,353.0,3.0,0.0,31.0,293.0,40.0,3.0,206.0,22.1,SF,13.0,331.0,10,12,5,4
JOSH ALLEN,QB,20.5,24.2,1.7,253.3,0.0,0.0,0.0,6.5,0.9,30.8,17.0,410.6,29.0,4306.0,21.5,24.2,18.0,410.6,18.0,5.0,3.0,34.0,0.0,0.0,0.0,18.0,111.0,15.0,524.0,5.3,BUF,3.0,34.0,16,12,19,1
JOSH DOWNS,WR,164.2,5.2,0.0,0.0,4.0,0.1,45.4,0.0,0.0,0.0,134.0,89.1,0.0,0.0,141.1,9.2,106.0,157.1,140.0,25.1,9.0,238.0,68.0,2.0,771.0,155.0,0.0,0.0,0.0,18.6,IND,10.0,240.0,22,19,26,2
JOSH JACOBS,RB,37.2,11.1,0.0,0.0,2.8,0.0,22.8,17.9,0.5,61.9,14.0,144.1,0.0,0.0,45.3,13.9,17.0,181.1,43.0,11.1,5.0,69.0,37.0,0.0,296.0,37.0,233.0,6.0,805.0,11.1,GB,5.0,67.0,29,29,15,1
JOSH OLIVER,TE,360.9,1.8,0.0,0.0,1.3,0.1,12.5,0.0,0.0,0.0,319.0,31.3,0.0,0.0,355.2,3.1,305.0,53.3,398.0,19.2,15.0,374.0,22.0,2.0,213.0,414.0,0.0,0.0,0.0,15.3,MIN,15.0,376.0,3,3,6,2
JOSH PALMER,WR,151.6,6.2,0.0,0.0,3.5,0.2,52.8,0.1,0.0,0.5,108.0,68.7,0.0,0.0,142.0,9.7,93.0,106.7,141.0,26.2,9.0,217.0,38.0,2.0,581.0,148.0,1.0,0.0,6.0,23.8,LAC,9.0,220.0,30,25,25,1
JOSH REYNOLDS,WR,268.1,5.2,0.0,0.0,2.4,0.3,35.8,0.0,0.0,0.0,221.0,88.8,0.0,0.0,268.4,7.6,222.0,128.8,265.0,19.6,12.0,312.0,40.0,5.0,608.0,265.0,0.0,0.0,0.0,19.3,DEN,12.0,308.0,19,28,8,2
JOSHUA DOBBS,QB,341.0,16.2,1.0,189.5,0.0,0.0,0.0,5.9,0.5,32.4,295.0,210.7,13.0,2464.0,341.0,16.2,295.0,210.7,485.0,46.0,16.0,387.0,0.0,0.0,0.0,485.0,77.0,6.0,421.0,46.0,SF,16.0,387.0,1,3,4,3
JOSHUA KARTY,K,282.5,0.0,0.0,0.0,0.0,0.0,0.0,0.0,0.0,0.0,233.0,0.0,0.0,0.0,282.5,0.0,233.0,0.0,448.0,49.5,15.0,332.0,0.0,0.0,0.0,447.0,0.0,0.0,0.0,49.5,LAR,15.0,332.0,16,20,8,1
JOSHUA KELLEY,RB,316.8,3.2,0.0,0.0,0.5,0.0,1.9,6.3,0.1,23.8,230.0,53.7,0.0,0.0,316.0,3.6,242.0,61.7,331.0,27.2,14.0,380.0,8.0,0.0,32.0,334.0,107.0,2.0,405.0,29.9,FA,14.0,388.0,33,33,33,0
JUJU SMITH-SCHUSTER,WR,309.2,2.9,0.0,0.0,2.6,0.1,23.6,0.0,0.0,0.0,268.0,32.0,0.0,0.0,298.4,5.5,238.0,61.0,330.0,35.7,14.0,390.0,29.0,1.0,260.0,336.0,0.0,0.0,0.0,25.0,NE,14.0,346.0,25,9,31,5
JUSTICE HILL,RB,249.8,5.1,0.0,0.0,1.8,0.1,12.9,5.3,0.2,24.2,180.0,81.3,0.0,0.0,252.7,6.8,161.0,109.3,252.0,26.8,12.0,322.0,28.0,1.0,206.0,253.0,84.0,3.0,387.0,24.8,BAL,12.0,321.0,20,14,25,3
JUSTIN FIELDS,QB,265.0,18.4,1.2,197.1,0.0,0.0,0.0,9.5,0.3,50.5,60.0,239.2,16.0,2562.0,263.9,18.4,60.0,239.2,255.0,51.2,12.0,338.0,0.0,0.0,0.0,255.0,124.0,4.0,657.0,51.4,PIT,12.0,338.0,28,29,23,2
JUSTIN HERBERT,QB,96.3,18.5,1.5,241.1,0.0,0.0,0.0,4.0,0.2,17.5,70.0,240.2,20.0,3134.0,97.2,18.6,70.0,241.2,94.0,14.5,8.0,129.0,0.0,0.0,0.0,95.0,52.0,3.0,228.0,13.6,LAC,8.0,124.0,29,31,25,1
JUSTIN JEFFERSON,WR,5.0,13.4,0.0,0.0,6.8,0.5,107.4,0.1,0.0,-1.2,2.0,134.2,0.0,0.0,5.2,20.2,2.0,202.2,5.0,1.2,1.0,9.0,68.0,5.0,1074.0,5.0,1.0,0.0,-12.0,1.2,MIN,1.0,10.0,10,24,3,1
JUSTIN TUCKER,K,187.0,9.4,0.0,0.0,0.0,0.0,0.0,0.0,0.0,0.0,156.0,160.0,0.0,0.0,186.6,9.4,156.0,160.0,182.0,5.6,10.0,197.0,0.0,0.0,0.0,185.0,0.0,0.0,0.0,5.2,BAL,10.0,197.0,11,6,29,1
JUSTIN WATSON,WR,336.1,3.9,0.0,0.0,1.7,0.2,28.8,0.0,0.0,0.0,261.0,62.0,0.0,0.0,338.9,5.6,286.0,89.0,370.0,28.6,14.0,384.0,27.0,3.0,460.0,367.0,0.0,0.0,0.0,30.1,KC,14.0,378.0,8,6,14,5
JUSTYN ROSS,WR,326.0,0.5,0.0,0.0,0.6,0.0,5.3,0.0,0.0,0.0,285.0,5.3,0.0,0.0,308.8,1.1,284.0,11.3,421.0,25.9,15.0,349.0,6.0,0.0,53.0,453.0,0.0,0.0,0.0,29.3,KC,15.0,352.0,8,6,14,7
JUWAN JOHNSON,TE,174.8,4.7,0.0,0.0,2.8,0.3,28.3,0.0,0.0,0.0,111.0,60.8,0.0,0.0,180.7,7.5,130.0,97.8,173.0,35.8,10.0,267.0,37.0,4.0,368.0,162.0,0.0,0.0,0.0,34.5,NO,10.0,260.0,13,22,5,1
KADARIUS TONEY,WR,290.1,2.0,0.0,0.0,2.1,0.1,13.0,0.8,0.0,2.4,242.0,26.0,0.0,0.0,288.9,4.1,217.0,53.0,290.0,23.6,13.0,364.0,27.0,1.0,169.0,292.0,11.0,0.0,31.0,20.6,KC,13.0,369.0,8,6,14,7
KAIMI FAIRBAIRN,K,202.3,9.5,0.0,0.0,0.0,0.0,0.0,0.0,0.0,0.0,166.0,114.0,0.0,0.0,204.3,9.5,166.0,114.0,207.0,19.3,11.0,337.0,0.0,0.0,0.0,209.0,0.0,0.0,0.0,10.1,HOU,11.0,233.0,1,7,1,1
KALIF RAYMOND,WR,299.9,3.7,0.0,0.0,2.1,0.1,28.8,0.4,0.0,4.4,222.0,62.4,0.0,0.0,295.0,5.7,209.0,97.4,337.0,45.1,14.0,370.0,35.0,1.0,489.0,340.0,7.0,0.0,75.0,44.7,DET,14.0,375.0,24,30,11,3
KANSAS CITY CHIEFS,DEF,183.2,7.9,0.0,0.0,0.0,0.0,0.0,0.0,0.0,0.0,160.0,134.0,0.0,0.0,183.5,7.9,160.0,134.0,183.0,7.8,10.0,219.0,0.0,0.0,0.0,183.0,0.0,0.0,0.0,7.6,KC,10.0,219.0,20,20,12,0
KAREEM HUNT,RB,283.9,6.9,0.0,0.0,1.0,0.0,5.6,9.0,0.6,27.4,236.0,103.5,0.0,0.0,299.6,7.9,262.0,118.5,314.0,23.4,13.0,347.0,15.0,0.0,84.0,302.0,135.0,9.0,411.0,25.5,FA,13.0,328.0,33,33,33,0
KAVONTAE TURPIN,WR,334.9,3.0,0.0,0.0,0.8,0.2,7.9,0.7,0.1,6.9,289.0,47.7,0.0,0.0,334.8,3.7,297.0,59.7,429.0,35.2,15.0,396.0,12.0,3.0,127.0,403.0,11.0,1.0,110.0,39.3,DAL,15.0,390.0,1,1,2,4
KAYSHON BOUTTE,WR,346.3,0.4,0.0,0.0,0.4,0.0,3.8,0.0,0.0,0.0,289.0,1.9,0.0,0.0,344.3,0.8,285.0,3.9,470.0,45.3,16.0,395.0,2.0,0.0,19.0,470.0,0.0,0.0,0.0,44.0,NE,16.0,396.0,25,9,31,0
KEAONTAY INGRAM,RB,339.0,1.4,0.0,0.0,0.6,0.0,3.7,5.0,0.0,10.6,274.0,10.0,0.0,0.0,332.4,2.0,274.0,14.0,354.0,32.1,14.0,392.0,4.0,0.0,26.0,359.0,35.0,0.0,74.0,32.6,KC,14.0,393.0,3,6,11,3
KEATON MITCHELL,RB,207.8,8.7,0.0,0.0,1.3,0.0,13.3,6.7,0.3,56.6,153.0,60.9,0.0,0.0,224.1,10.0,156.0,69.9,221.0,35.9,11.0,317.0,9.0,0.0,93.0,203.0,47.0,2.0,396.0,37.1,BAL,11.0,304.0,20,14,25,2
KEENAN ALLEN,WR,75.1,13.1,0.0,0.0,8.3,0.5,95.6,0.2,0.0,0.5,35.0,170.9,0.0,0.0,52.0,21.5,23.0,278.9,52.0,11.4,6.0,78.0,108.0,7.0,1243.0,74.0,2.0,0.0,6.0,14.9,CHI,7.0,99.0,9,2,27,2
KEILAN ROBINSON,RB,375.5,0.0,0.0,0.0,0.0,0.0,0.0,0.0,0.0,0.0,342.0,0.0,0.0,0.0,379.7,0.0,365.0,0.0,495.0,10.4,16.0,388.0,0.0,0.0,0.0,492.0,0.0,0.0,0.0,19.4,JAC,16.0,388.0,30,27,26,4
KENDALL MILTON,RB,371.2,0.0,0.0,0.0,0.0,0.0,0.0,0.0,0.0,0.0,330.0,0.0,0.0,0.0,319.0,0.0,293.0,0.0,472.0,26.0,16.0,345.0,0.0,0.0,0.0,477.0,0.0,0.0,0.0,22.0,PHI,16.0,393.0,15,28,1,0
KENDRE MILLER,RB,146.4,4.2,0.0,0.0,1.3,0.0,14.6,5.1,0.1,19.5,119.0,33.3,0.0,0.0,148.2,5.4,119.0,43.3,146.0,14.2,9.0,221.0,10.0,0.0,117.0,142.0,41.0,1.0,156.0,14.6,NO,9.0,230.0,27,20,31,2
KENDRICK BOURNE,WR,237.2,7.9,0.0,0.0,4.6,0.5,50.8,0.1,0.0,0.5,169.0,63.0,0.0,0.0,231.2,12.5,165.0,100.0,232.0,24.5,11.0,292.0,37.0,4.0,406.0,239.0,1.0,0.0,4.0,24.6,NE,12.0,298.0,25,9,31,2
KENE NWANGWU,RB,388.0,0.2,0.0,0.0,0.0,0.0,0.0,0.6,0.0,1.6,388.0,1.3,0.0,0.0,358.5,0.2,337.0,1.3,489.0,21.5,16.0,380.0,0.0,0.0,0.0,504.0,5.0,0.0,13.0,0.0,MIN,16.0,388.0,26,16,30,3
KENNETH WALKER,RB,44.9,11.4,0.0,0.0,1.9,0.1,17.3,14.6,0.5,60.3,21.0,170.4,0.0,0.0,56.4,13.3,42.0,199.4,56.0,6.4,6.0,71.0,29.0,1.0,259.0,43.0,219.0,8.0,905.0,8.7,SEA,5.0,63.0,23,25,17,1
KENNY GAINWELL,RB,224.7,4.2,0.0,0.0,1.9,0.0,11.4,5.3,0.1,22.8,159.0,67.4,0.0,0.0,214.9,6.1,156.0,97.4,211.0,26.4,11.0,291.0,30.0,0.0,183.0,224.0,84.0,2.0,364.0,21.9,PHI,11.0,296.0,15,28,1,2
KENNY MCINTOSH,RB,347.2,0.0,0.0,0.0,0.0,0.0,0.0,0.0,0.0,0.0,280.0,0.0,0.0,0.0,331.3,0.0,277.0,0.0,402.0,35.3,15.0,386.0,0.0,0.0,0.0,402.0,0.0,0.0,0.0,34.7,SEA,15.0,392.0,23,25,17,3
KENNY PICKETT,QB,319.1,9.5,0.5,172.5,0.0,0.0,0.0,3.5,0.1,4.5,254.0,114.2,6.0,2070.0,317.7,9.5,254.0,114.2,357.0,35.5,14.0,367.0,0.0,0.0,0.0,360.0,42.0,1.0,54.0,34.1,PHI,14.0,367.0,17,16,13,2
KEON COLEMAN,WR,131.4,0.0,0.0,0.0,0.0,0.0,0.0,0.0,0.0,0.0,81.0,0.0,0.0,0.0,126.7,0.0,81.0,0.0,132.0,27.2,9.0,287.0,0.0,0.0,0.0,137.0,0.0,0.0,0.0,28.9,BUF,9.0,265.0,14,15,15,3
KEVIN HARRIS,RB,361.9,4.6,0.0,0.0,0.8,0.0,14.5,4.0,0.3,16.3,313.0,18.3,0.0,0.0,351.0,5.3,295.0,21.3,447.0,35.7,15.0,393.0,3.0,0.0,58.0,442.0,16.0,1.0,65.0,29.2,NE,15.0,388.0,8,10,7,3
KHALIL HERBERT,RB,155.3,7.7,0.0,0.0,1.7,0.1,11.2,11.0,0.2,50.9,97.0,92.5,0.0,0.0,162.7,9.4,117.0,112.5,158.0,20.9,10.0,232.0,20.0,1.0,134.0,151.0,132.0,2.0,611.0,22.4,CHI,9.0,235.0,18,21,12,3
KHALIL SHAKIR,WR,160.1,4.4,0.0,0.0,2.3,0.1,35.9,0.1,0.0,0.6,87.0,74.1,0.0,0.0,154.2,6.7,81.0,113.1,151.0,29.5,10.0,263.0,39.0,2.0,611.0,153.0,1.0,0.0,10.0,27.0,BUF,10.0,265.0,14,15,15,2
KIMANI VIDAL,RB,209.6,0.0,0.0,0.0,0.0,0.0,0.0,0.0,0.0,0.0,122.0,0.0,0.0,0.0,218.0,0.0,126.0,0.0,226.0,51.1,11.0,333.0,0.0,0.0,0.0,220.0,0.0,0.0,0.0,51.5,LAC,11.0,333.0,21,22,10,3
KINGSTON DAVIS,RB,190.1,0.0,0.0,0.0,0.0,0.0,0.0,0.0,0.0,0.0,129.0,0.0,0.0,0.0,196.4,0.0,145.0,0.0,189.0,42.7,11.0,318.0,0.0,0.0,0.0,180.0,0.0,0.0,0.0,44.7,BUF,10.0,325.0,12,7,24,2
KIRK COUSINS,QB,104.6,19.3,2.3,291.4,0.0,0.0,0.0,1.8,0.0,3.1,72.0,154.7,18.0,2331.0,105.6,19.3,72.0,154.7,107.0,12.6,8.0,146.0,0.0,0.0,0.0,104.0,14.0,0.0,25.0,12.0,ATL,8.0,133.0,14,7,27,1
KJ OSBORN,WR,272.7,4.5,0.0,0.0,3.0,0.2,33.8,0.0,0.0,0.0,177.0,72.0,0.0,0.0,263.9,7.5,177.0,120.0,267.0,24.2,12.0,330.0,48.0,3.0,540.0,273.0,0.0,0.0,0.0,23.8,NE,12.0,345.0,25,9,31,5
KYLE JUSZCZYK,RB,351.7,1.4,0.0,0.0,0.8,0.1,7.0,0.3,0.0,0.4,309.0,24.5,0.0,0.0,369.0,2.3,303.0,38.5,476.0,34.7,16.0,395.0,14.0,2.0,119.0,475.0,5.0,0.0,6.0,32.3,SF,16.0,387.0,10,12,5,5
KYLE PHILIPS,WR,358.0,1.8,0.0,0.0,1.7,0.0,20.1,0.0,0.0,0.0,339.0,16.1,0.0,0.0,353.0,3.5,333.0,31.1,488.0,20.0,16.0,373.0,15.0,0.0,181.0,494.0,0.0,0.0,0.0,19.0,TEN,16.0,377.0,28,29,19,6
KYLE PITTS,TE,78.2,5.0,0.0,0.0,3.1,0.2,39.2,0.1,0.0,-0.2,57.0,84.3,0.0,0.0,90.5,8.1,73.0,137.3,87.0,10.1,7.0,130.0,53.0,3.0,667.0,76.0,1.0,0.0,-4.0,12.7,ATL,7.0,130.0,15,13,19,1
KYLEN GRANSON,TE,332.4,2.9,0.0,0.0,2.0,0.1,24.5,0.1,0.0,0.1,302.0,43.0,0.0,0.0,330.9,4.9,299.0,73.0,361.0,19.2,14.0,356.0,30.0,1.0,368.0,366.0,1.0,0.0,2.0,17.3,IND,14.0,354.0,21,24,7,2
KYLER MURRAY,QB,60.7,18.9,1.3,224.9,0.0,0.0,0.0,5.5,0.4,30.5,34.0,151.4,10.0,1799.0,61.3,18.9,34.0,151.4,63.0,10.7,6.0,92.0,0.0,0.0,0.0,58.0,44.0,3.0,244.0,10.5,ARI,6.0,90.0,10,13,9,1
KYREN WILLIAMS,RB,20.2,18.6,0.0,0.0,2.7,0.3,17.2,19.0,1.0,95.3,8.0,223.0,0.0,0.0,33.7,21.3,11.0,255.0,32.0,12.9,4.0,55.0,32.0,3.0,206.0,17.0,228.0,12.0,1144.0,8.4,LAR,3.0,48.0,1,2,14,1
LADD MCCONKEY,WR,120.5,0.0,0.0,0.0,0.0,0.0,0.0,0.0,0.0,0.0,75.0,0.0,0.0,0.0,105.4,0.0,62.0,0.0,108.0,34.3,8.0,292.0,0.0,0.0,0.0,122.0,0.0,0.0,0.0,33.7,LAC,9.0,284.0,30,25,25,2
LAMAR JACKSON,QB,33.1,21.1,1.5,229.9,0.0,0.0,0.0,9.3,0.3,51.3,17.0,338.2,24.0,3678.0,33.4,21.1,18.0,338.2,31.0,7.1,4.0,58.0,0.0,0.0,0.0,32.0,148.0,5.0,821.0,7.3,BAL,4.0,58.0,8,6,17,1
LAS VEGAS RAIDERS,DEF,270.3,8.6,0.0,0.0,0.0,0.0,0.0,0.0,0.0,0.0,182.0,146.0,0.0,0.0,271.4,8.6,182.0,146.0,310.0,46.4,13.0,355.0,0.0,0.0,0.0,306.0,0.0,0.0,0.0,48.9,LV,13.0,355.0,25,16,32,0
LATAVIUS MURRAY,RB,333.6,4.1,0.0,0.0,1.1,0.0,7.4,4.9,0.3,18.8,280.0,65.9,0.0,0.0,332.9,5.2,288.0,82.9,368.0,28.2,14.0,382.0,17.0,0.0,119.0,372.0,79.0,4.0,300.0,29.8,FA,14.0,393.0,33,33,33,0
LAVISKA SHENAULT,WR,331.0,1.4,0.0,0.0,1.3,0.0,7.5,1.5,0.0,6.9,269.0,11.5,0.0,0.0,326.7,2.7,269.0,21.5,454.0,44.7,15.0,378.0,10.0,0.0,60.0,459.0,12.0,0.0,55.0,49.4,SEA,15.0,390.0,3,7,4,4
LEONARD FOURNETTE,RB,308.3,2.0,0.0,0.0,0.0,0.0,0.0,6.0,0.0,20.0,264.0,4.0,0.0,0.0,312.0,2.0,277.0,4.0,439.0,33.4,15.0,357.0,0.0,0.0,0.0,436.0,12.0,0.0,40.0,39.0,FA,15.0,359.0,33,33,33,0
LOGAN THOMAS,TE,291.8,4.5,0.0,0.0,3.4,0.3,31.0,0.1,0.0,0.1,232.0,71.8,0.0,0.0,290.8,7.9,225.0,126.8,336.0,34.4,14.0,352.0,55.0,4.0,496.0,337.0,1.0,0.0,2.0,39.9,SF,14.0,391.0,12,7,22,2
LOS ANGELES CHARGERS,DEF,249.0,6.6,0.0,0.0,0.0,0.0,0.0,0.0,0.0,0.0,205.0,112.0,0.0,0.0,246.2,6.6,205.0,112.0,381.0,25.6,14.0,279.0,0.0,0.0,0.0,388.0,0.0,0.0,0.0,28.1,LAC,14.0,279.0,21,13,26,0
LOS ANGELES RAMS,DEF,270.6,4.9,0.0,0.0,0.0,0.0,0.0,0.0,0.0,0.0,185.0,83.0,0.0,0.0,279.4,4.9,185.0,83.0,360.0,60.0,14.0,355.0,0.0,0.0,0.0,358.0,0.0,0.0,0.0,63.1,LAR,14.0,355.0,22,30,3,0
LUCAS KRULL,TE,353.6,2.2,0.0,0.0,1.1,0.1,13.6,0.0,0.0,0.0,305.0,15.5,0.0,0.0,346.8,3.4,317.0,23.5,456.0,17.3,15.0,360.0,8.0,1.0,95.0,451.0,0.0,0.0,0.0,28.4,DEN,15.0,394.0,30,25,30,3
LUKE MCCAFFREY,WR,265.7,0.0,0.0,0.0,0.0,0.0,0.0,0.0,0.0,0.0,163.0,0.0,0.0,0.0,259.5,0.0,146.0,0.0,287.0,43.9,13.0,324.0,0.0,0.0,0.0,291.0,0.0,0.0,0.0,39.5,WAS,13.0,325.0,13,4,28,3
LUKE MUSGRAVE,TE,151.8,3.7,0.0,0.0,3.1,0.1,32.0,0.0,0.0,0.0,105.0,41.2,0.0,0.0,144.6,6.8,100.0,75.2,138.0,28.0,9.0,245.0,34.0,1.0,352.0,145.0,0.0,0.0,0.0,28.4,GB,9.0,255.0,8,9,15,1
LUKE SCHOONMAKER,TE,337.3,1.1,0.0,0.0,0.5,0.1,3.8,0.0,0.0,0.0,308.0,18.5,0.0,0.0,343.0,1.6,324.0,26.5,468.0,23.4,16.0,376.0,8.0,2.0,65.0,466.0,0.0,0.0,0.0,28.5,DAL,15.0,376.0,29,28,21,2
MAC JONES,QB,347.0,10.8,0.9,192.7,0.0,0.0,0.0,2.4,0.0,8.7,275.0,118.4,10.0,2120.0,341.0,10.8,275.0,118.4,425.0,39.0,15.0,383.0,0.0,0.0,0.0,423.0,26.0,0.0,96.0,38.8,JAC,15.0,385.0,31,28,31,2
MACK HOLLINS,WR,361.3,1.9,0.0,0.0,1.4,0.0,19.3,0.0,0.0,0.0,297.0,25.1,0.0,0.0,360.4,3.3,302.0,43.1,432.0,32.6,15.0,396.0,18.0,0.0,251.0,421.0,0.0,0.0,0.0,32.5,BUF,15.0,395.0,14,15,15,5
MALACHI CORLEY,WR,227.5,0.0,0.0,0.0,0.0,0.0,0.0,0.0,0.0,0.0,137.0,0.0,0.0,0.0,230.3,0.0,141.0,0.0,234.0,35.1,11.0,322.0,0.0,0.0,0.0,235.0,0.0,0.0,0.0,34.9,NYJ,11.0,324.0,16,20,12,3
MALIK DAVIS,RB,355.2,0.0,0.0,0.0,0.0,0.0,0.0,0.0,0.0,0.0,303.0,0.0,0.0,0.0,333.0,0.0,306.0,0.0,437.0,35.0,15.0,393.0,0.0,0.0,0.0,417.0,0.0,0.0,0.0,32.5,DAL,15.0,386.0,5,4,23,3
MALIK NABERS,WR,56.0,0.0,0.0,0.0,0.0,0.0,0.0,0.0,0.0,0.0,30.0,0.0,0.0,0.0,48.9,0.0,23.0,0.0,46.0,29.6,6.0,257.0,0.0,0.0,0.0,54.0,0.0,0.0,0.0,21.6,NYG,6.0,163.0,4,23,1,1
MALIK WASHINGTON,WR,293.1,0.0,0.0,0.0,0.0,0.0,0.0,0.0,0.0,0.0,208.0,0.0,0.0,0.0,296.1,0.0,204.0,0.0,333.0,37.3,14.0,379.0,0.0,0.0,0.0,331.0,0.0,0.0,0.0,38.1,MIA,14.0,375.0,29,12,32,6
MARK ANDREWS,TE,48.9,9.0,0.0,0.0,4.5,0.6,54.4,0.1,0.0,0.0,25.0,90.4,0.0,0.0,57.8,13.5,25.0,135.4,59.0,19.2,6.0,96.0,45.0,6.0,544.0,48.0,1.0,0.0,0.0,13.9,BAL,5.0,78.0,6,12,10,1
MARKEISE IRVING,RB,217.2,0.0,0.0,0.0,0.0,0.0,0.0,0.0,0.0,0.0,147.0,0.0,0.0,0.0,220.0,0.0,149.0,0.0,218.0,35.8,11.0,319.0,0.0,0.0,0.0,211.0,0.0,0.0,0.0,35.7,TB,11.0,323.0,28,30,9,2
MARQUEZ VALDES-SCANTLING,WR,303.4,2.2,0.0,0.0,1.3,0.1,19.7,0.0,0.0,0.0,211.0,35.5,0.0,0.0,306.0,3.5,210.0,56.5,332.0,34.4,14.0,379.0,21.0,1.0,315.0,329.0,0.0,0.0,0.0,34.7,BUF,14.0,372.0,14,15,15,0
MARQUISE BROWN,WR,80.4,6.0,0.0,0.0,3.6,0.3,41.0,0.1,0.0,1.6,40.0,83.7,0.0,0.0,83.0,9.6,43.0,134.7,81.0,18.6,7.0,127.0,51.0,4.0,574.0,78.0,2.0,0.0,23.0,21.1,KC,7.0,134.0,8,6,14,1
MARSHAWN LLOYD,RB,167.3,0.0,0.0,0.0,0.0,0.0,0.0,0.0,0.0,0.0,120.0,0.0,0.0,0.0,168.7,0.0,124.0,0.0,159.0,33.9,10.0,315.0,0.0,0.0,0.0,158.0,0.0,0.0,0.0,39.4,GB,10.0,319.0,29,29,15,2
MARVIN HARRISON,WR,25.6,0.0,0.0,0.0,0.0,0.0,0.0,0.0,0.0,0.0,10.0,0.0,0.0,0.0,21.1,0.0,10.0,0.0,17.0,26.9,3.0,229.0,0.0,0.0,0.0,22.0,0.0,0.0,0.0,16.9,ARI,4.0,135.0,7,14,5,1
MARVIN MIMS,WR,177.2,3.0,0.0,0.0,1.4,0.1,23.6,0.6,0.0,1.9,134.0,48.7,0.0,0.0,181.6,4.4,153.0,70.7,175.0,19.2,10.0,274.0,22.0,1.0,377.0,170.0,9.0,0.0,30.0,20.8,DEN,10.0,270.0,19,28,8,3
MATT BREIDA,RB,323.9,1.8,0.0,0.0,1.0,0.0,5.2,3.2,0.1,8.9,303.0,29.9,0.0,0.0,320.1,2.8,294.0,46.9,334.0,19.8,14.0,393.0,17.0,0.0,88.0,343.0,55.0,1.0,151.0,17.2,FA,14.0,365.0,33,33,33,0
MATT GAY,K,236.2,9.2,0.0,0.0,0.0,0.0,0.0,0.0,0.0,0.0,178.0,157.0,0.0,0.0,236.0,9.2,178.0,157.0,238.0,17.9,12.0,306.0,0.0,0.0,0.0,238.0,0.0,0.0,0.0,16.7,IND,12.0,293.0,8,11,7,1
MATT PRATER,K,231.3,7.6,0.0,0.0,0.0,0.0,0.0,0.0,0.0,0.0,204.0,130.0,0.0,0.0,242.7,7.6,217.0,130.0,403.0,27.6,15.0,281.0,0.0,0.0,0.0,393.0,0.0,0.0,0.0,30.3,ARI,15.0,281.0,20,17,25,1
MATTHEW STAFFORD,QB,111.1,16.9,1.6,264.3,0.0,0.0,0.0,1.4,0.0,4.3,82.0,254.1,24.0,3965.0,112.2,16.9,82.0,254.1,110.0,11.3,8.0,138.0,0.0,0.0,0.0,109.0,21.0,0.0,65.0,10.3,LAR,8.0,138.0,20,17,15,1
MECOLE HARDMAN,WR,328.2,1.1,0.0,0.0,1.5,0.0,12.4,0.1,0.0,0.3,293.0,10.7,0.0,0.0,330.2,2.6,293.0,25.7,426.0,30.5,15.0,370.0,15.0,0.0,124.0,426.0,1.0,0.0,3.0,30.3,KC,15.0,374.0,8,6,14,4
MIAMI DOLPHINS,DEF,184.7,8.9,0.0,0.0,0.0,0.0,0.0,0.0,0.0,0.0,157.0,152.0,0.0,0.0,184.7,8.9,157.0,152.0,187.0,13.2,11.0,248.0,0.0,0.0,0.0,189.0,0.0,0.0,0.0,12.5,MIA,10.0,248.0,4,2,17,0
MICHAEL BADGLEY,K,256.4,6.5,0.0,0.0,0.0,0.0,0.0,0.0,0.0,0.0,197.0,26.0,0.0,0.0,262.4,6.5,197.0,26.0,374.0,42.0,14.0,309.0,0.0,0.0,0.0,363.0,0.0,0.0,0.0,39.4,DET,14.0,309.0,28,31,9,1
MICHAEL CARTER,RB,291.5,2.3,0.0,0.0,1.6,0.1,6.7,2.0,0.0,12.5,250.0,34.8,0.0,0.0,281.1,3.9,236.0,58.8,285.0,23.4,13.0,405.0,24.0,1.0,101.0,295.0,30.0,0.0,187.0,20.0,ARI,13.0,342.0,25,26,13,4
MICHAEL GALLUP,WR,282.6,3.2,0.0,0.0,2.0,0.1,24.6,0.0,0.0,0.0,195.0,53.8,0.0,0.0,277.0,5.2,188.0,87.8,281.0,32.8,12.0,370.0,34.0,2.0,418.0,283.0,0.0,0.0,0.0,30.2,LV,13.0,372.0,18,17,22,3
MICHAEL MAYER,TE,239.8,3.2,0.0,0.0,1.9,0.1,21.7,0.0,0.0,0.0,130.0,44.4,0.0,0.0,236.9,5.1,130.0,71.4,233.0,44.0,11.0,352.0,27.0,2.0,304.0,237.0,0.0,0.0,0.0,43.0,LV,12.0,351.0,10,18,9,2
MICHAEL PENIX,QB,306.4,0.0,0.0,0.0,0.0,0.0,0.0,0.0,0.0,0.0,187.0,0.0,0.0,0.0,307.4,0.0,187.0,0.0,317.0,35.4,13.0,385.0,0.0,0.0,0.0,316.0,0.0,0.0,0.0,33.8,ATL,13.0,385.0,14,7,27,2
MICHAEL PITTMAN,WR,47.3,8.8,0.0,0.0,6.8,0.3,72.0,0.0,0.0,0.0,31.0,141.2,0.0,0.0,23.1,15.6,12.0,250.2,20.0,7.5,3.0,43.0,109.0,4.0,1152.0,46.0,0.0,0.0,0.0,10.4,IND,5.0,75.0,22,19,26,1
MICHAEL THOMAS,WR,294.1,5.1,0.0,0.0,3.9,0.1,44.8,0.0,0.0,0.0,201.0,50.8,0.0,0.0,272.9,9.0,162.0,89.8,293.0,37.3,13.0,349.0,39.0,1.0,448.0,307.0,0.0,0.0,0.0,32.4,FA,13.0,369.0,33,33,33,0
MICHAEL WILEY,RB,350.3,0.0,0.0,0.0,0.0,0.0,0.0,0.0,0.0,0.0,326.0,0.0,0.0,0.0,362.3,0.0,342.0,0.0,487.0,19.1,16.0,388.0,0.0,0.0,0.0,474.0,0.0,0.0,0.0,17.8,WAS,16.0,368.0,16,9,28,0
MICHAEL WILSON,WR,179.9,5.9,0.0,0.0,2.9,0.2,43.5,0.0,0.0,0.0,136.0,76.5,0.0,0.0,180.5,8.8,132.0,114.5,172.0,22.9,10.0,266.0,38.0,3.0,565.0,173.0,0.0,0.0,0.0,21.7,ARI,10.0,270.0,7,14,5,3
MIKE EVANS,WR,20.9,12.0,0.0,0.0,4.6,0.8,73.8,0.0,0.0,0.0,10.0,203.5,0.0,0.0,27.6,16.6,19.0,282.5,24.0,6.5,4.0,44.0,79.0,13.0,1255.0,20.0,0.0,0.0,0.0,5.3,TB,3.0,38.0,21,16,24,1
MIKE GESICKI,TE,240.2,2.1,0.0,0.0,1.7,0.1,14.4,0.0,0.0,0.0,157.0,36.4,0.0,0.0,241.3,3.8,172.0,65.4,240.0,27.9,12.0,289.0,29.0,2.0,244.0,240.0,0.0,0.0,0.0,26.6,CIN,12.0,291.0,26,23,28,1
MIKE WILLIAMS,WR,123.7,10.4,0.0,0.0,6.3,0.3,83.0,0.3,0.0,1.0,87.0,31.2,0.0,0.0,127.1,16.7,77.0,50.2,126.0,21.9,9.0,220.0,19.0,1.0,249.0,121.0,1.0,0.0,3.0,16.9,NYJ,9.0,177.0,16,20,12,2
MILES SANDERS,RB,221.7,3.8,0.0,0.0,1.7,0.0,9.6,8.1,0.1,27.0,153.0,60.6,0.0,0.0,215.1,5.5,144.0,87.6,214.0,29.3,11.0,280.0,27.0,0.0,154.0,223.0,129.0,1.0,432.0,26.6,CAR,11.0,280.0,32,31,27,3
MINNESOTA VIKINGS,DEF,210.7,7.3,0.0,0.0,0.0,0.0,0.0,0.0,0.0,0.0,153.0,124.0,0.0,0.0,212.9,7.3,153.0,124.0,236.0,31.2,12.0,321.0,0.0,0.0,0.0,236.0,0.0,0.0,0.0,27.1,MIN,11.0,279.0,31,26,30,0
MO ALIE-COX,TE,366.3,2.1,0.0,0.0,0.8,0.2,9.5,0.0,0.0,0.0,354.0,36.1,0.0,0.0,375.0,2.9,374.0,49.1,497.0,1.0,16.0,376.0,13.0,3.0,161.0,491.0,0.0,0.0,0.0,17.4,IND,16.0,391.0,21,24,7,3
NAJEE HARRIS,RB,66.5,9.8,0.0,0.0,1.7,0.0,10.0,15.0,0.5,60.9,39.0,166.5,0.0,0.0,80.6,11.5,52.0,195.5,79.0,13.1,7.0,113.0,29.0,0.0,170.0,66.0,255.0,8.0,1035.0,8.8,PIT,6.0,86.0,17,23,4,2
NATHANIEL DELL,WR,49.7,10.7,0.0,0.0,4.3,0.6,64.5,1.0,0.0,4.6,30.0,118.0,0.0,0.0,60.2,15.0,35.0,165.0,61.0,15.9,6.0,106.0,47.0,7.0,709.0,50.0,11.0,0.0,51.0,13.2,HOU,5.0,91.0,31,32,16,3
NELSON AGHOLOR,WR,313.1,3.7,0.0,0.0,2.1,0.2,22.4,0.0,0.0,0.0,265.0,62.1,0.0,0.0,310.4,5.7,264.0,97.1,342.0,26.2,14.0,368.0,35.0,4.0,381.0,341.0,0.0,0.0,0.0,23.8,BAL,14.0,362.0,12,10,13,4
NEW ENGLAND PATRIOTS,DEF,242.3,6.4,0.0,0.0,0.0,0.0,0.0,0.0,0.0,0.0,171.0,109.0,0.0,0.0,244.3,6.4,171.0,109.0,313.0,43.4,13.0,335.0,0.0,0.0,0.0,313.0,0.0,0.0,0.0,41.9,NE,13.0,335.0,13,12,22,0
NEW ORLEANS SAINTS,DEF,195.3,8.4,0.0,0.0,0.0,0.0,0.0,0.0,0.0,0.0,162.0,143.0,0.0,0.0,195.5,8.4,162.0,143.0,193.0,19.4,11.0,279.0,0.0,0.0,0.0,193.0,0.0,0.0,0.0,19.5,NO,11.0,279.0,11,17,10,0
NEW YORK GIANTS,DEF,258.8,7.7,0.0,0.0,0.0,0.0,0.0,0.0,0.0,0.0,189.0,131.0,0.0,0.0,277.7,7.7,234.0,131.0,384.0,41.3,14.0,355.0,0.0,0.0,0.0,383.0,0.0,0.0,0.0,50.6,NYG,14.0,355.0,10,8,21,0
NEW YORK JETS,DEF,169.7,9.1,0.0,0.0,0.0,0.0,0.0,0.0,0.0,0.0,150.0,154.0,0.0,0.0,169.5,9.1,150.0,154.0,169.0,6.9,10.0,185.0,0.0,0.0,0.0,169.0,0.0,0.0,0.0,7.0,NYJ,10.0,185.0,5,19,1,0
NICK CHUBB,RB,100.2,9.6,0.0,0.0,2.0,0.0,10.5,14.0,0.0,85.0,63.0,19.1,0.0,0.0,119.7,11.6,74.0,23.1,116.0,23.5,9.0,232.0,4.0,0.0,21.0,101.0,28.0,0.0,170.0,27.1,CLE,8.0,215.0,4,8,8,1
NICK FOLK,K,262.0,7.7,,,,,,,,,192.0,131.0,,,,,,,,,,,,,,435.0,,,,70.0,TEN,15.0,332.0,15,12,21,1
NICK WESTBROOK,WR,356.8,4.1,0.0,0.0,2.0,0.2,26.4,0.0,0.0,0.0,293.0,57.0,0.0,0.0,357.9,6.1,295.0,85.0,397.0,26.3,15.0,393.0,28.0,3.0,370.0,396.0,0.0,0.0,0.0,26.1,TEN,15.0,384.0,28,29,19,5
NICO COLLINS,WR,29.4,12.0,0.0,0.0,5.3,0.5,86.5,0.1,0.0,0.5,16.0,180.4,0.0,0.0,32.0,17.4,19.0,260.4,29.0,8.4,4.0,65.0,80.0,8.0,1297.0,28.0,1.0,0.0,7.0,9.0,HOU,4.0,64.0,31,32,16,2
NOAH BROWN,WR,285.6,6.9,0.0,0.0,3.3,0.2,56.7,0.1,0.0,-0.1,198.0,68.6,0.0,0.0,287.4,10.2,200.0,101.6,291.0,17.0,13.0,338.0,33.0,2.0,567.0,289.0,1.0,0.0,-1.0,17.5,HOU,13.0,334.0,31,32,16,5
NOAH FANT,TE,223.6,2.4,0.0,0.0,1.9,0.0,24.4,0.0,0.0,0.0,137.0,41.4,0.0,0.0,213.9,4.3,137.0,73.4,209.0,31.9,11.0,280.0,32.0,0.0,414.0,222.0,0.0,0.0,0.0,33.6,SEA,11.0,282.0,27,29,18,1
NOAH GRAY,TE,328.9,2.5,0.0,0.0,1.6,0.1,17.9,0.1,0.0,0.1,282.0,42.6,0.0,0.0,326.4,4.2,279.0,70.6,355.0,23.9,14.0,373.0,28.0,2.0,305.0,356.0,1.0,0.0,1.0,21.8,KC,14.0,356.0,5,2,23,2
NYHEIM HINES,RB,357.4,0.0,0.0,0.0,0.0,0.0,0.0,0.0,0.0,0.0,303.0,0.0,0.0,0.0,361.7,0.0,312.0,0.0,442.0,29.2,15.0,393.0,0.0,0.0,0.0,457.0,0.0,0.0,0.0,34.1,CLE,15.0,392.0,4,8,8,5
ODELL BECKHAM,WR,243.1,5.2,0.0,0.0,2.5,0.2,40.4,0.0,0.0,0.0,158.0,72.5,0.0,0.0,244.1,7.7,162.0,107.5,249.0,28.5,12.0,304.0,35.0,3.0,565.0,247.0,0.0,0.0,0.0,30.2,MIA,12.0,302.0,29,12,32,3
OLAMIDE ZACCHEAUS,WR,339.0,1.7,0.0,0.0,0.6,0.1,9.6,0.0,0.0,0.0,333.0,28.4,0.0,0.0,335.0,2.3,326.0,38.4,482.0,9.0,16.0,344.0,10.0,2.0,164.0,482.0,0.0,0.0,0.0,6.0,WAS,16.0,345.0,13,4,28,6
PARKER WASHINGTON,WR,346.0,2.6,0.0,0.0,1.8,0.2,14.7,0.0,0.0,0.0,271.0,23.2,0.0,0.0,334.9,4.4,263.0,39.2,375.0,30.0,14.0,370.0,16.0,2.0,132.0,384.0,0.0,0.0,0.0,30.7,JAC,14.0,389.0,32,31,21,4
PARRIS CAMPBELL,WR,327.8,0.9,0.0,0.0,1.7,0.0,8.7,0.0,0.0,0.0,244.0,10.4,0.0,0.0,315.7,2.5,231.0,30.4,359.0,41.3,14.0,388.0,20.0,0.0,104.0,379.0,0.0,0.0,0.0,38.2,PHI,14.0,396.0,6,11,7,3
PAT FREIERMUTH,TE,120.2,3.7,0.0,0.0,2.7,0.2,25.7,0.0,0.0,0.0,85.0,44.8,0.0,0.0,120.4,6.4,94.0,76.8,119.0,16.0,9.0,157.0,32.0,2.0,308.0,117.0,0.0,0.0,0.0,17.9,PIT,8.0,176.0,23,27,8,1
PATRICK MAHOMES,QB,31.7,18.4,1.7,261.4,0.0,0.0,0.0,4.7,0.0,24.3,17.0,294.2,27.0,4183.0,32.1,18.4,18.0,294.2,30.0,8.5,4.0,58.0,0.0,0.0,0.0,31.0,75.0,0.0,389.0,8.4,KC,4.0,58.0,7,5,21,1
PHILADELPHIA EAGLES,DEF,191.1,5.9,0.0,0.0,0.0,0.0,0.0,0.0,0.0,0.0,159.0,101.0,0.0,0.0,190.8,5.9,159.0,101.0,199.0,10.9,11.0,233.0,0.0,0.0,0.0,198.0,0.0,0.0,0.0,11.1,PHI,11.0,234.0,2,4,2,0
PIERRE STRONG,RB,296.6,2.2,0.0,0.0,0.3,0.0,2.8,3.7,0.1,17.1,245.0,37.8,0.0,0.0,288.4,2.5,245.0,42.8,301.0,17.7,13.0,328.0,5.0,0.0,47.0,301.0,63.0,1.0,291.0,24.9,CLE,13.0,393.0,4,8,8,4
PITTSBURGH STEELERS,DEF,185.5,8.4,0.0,0.0,0.0,0.0,0.0,0.0,0.0,0.0,163.0,143.0,0.0,0.0,185.7,8.4,163.0,143.0,184.0,8.9,10.0,211.0,0.0,0.0,0.0,186.0,0.0,0.0,0.0,8.7,PIT,10.0,211.0,12,7,29,0
PUKA NACUA,WR,11.8,11.4,0.0,0.0,6.2,0.4,87.4,0.7,0.0,5.2,9.0,193.5,0.0,0.0,11.5,17.6,7.0,298.5,11.0,2.7,2.0,19.0,105.0,6.0,1486.0,10.0,12.0,0.0,89.0,4.1,LAR,2.0,32.0,11,22,6,1
QUENTIN JOHNSTON,WR,176.0,3.3,0.0,0.0,2.2,0.1,25.4,0.2,0.0,0.5,123.0,56.0,0.0,0.0,174.6,5.5,139.0,94.0,165.0,17.9,10.0,221.0,38.0,2.0,431.0,168.0,3.0,0.0,9.0,18.1,LAC,10.0,223.0,30,25,25,3
QUEZ WATKINS,WR,353.8,2.2,0.0,0.0,1.7,0.1,15.8,0.0,0.0,0.0,311.0,20.2,0.0,0.0,356.0,3.9,304.0,35.2,433.0,30.4,15.0,396.0,15.0,1.0,142.0,439.0,0.0,0.0,0.0,25.5,PIT,15.0,384.0,23,26,20,5
RACHAAD WHITE,RB,46.4,12.0,0.0,0.0,3.8,0.2,32.3,16.0,0.4,58.2,18.0,203.9,0.0,0.0,37.1,15.8,17.0,267.9,37.0,8.5,5.0,64.0,64.0,3.0,549.0,44.0,272.0,6.0,990.0,8.3,TB,5.0,68.0,28,30,9,1
RAHEEM BLACKSHEAR,RB,356.0,1.0,0.0,0.0,0.5,0.0,4.1,1.3,0.0,4.2,327.0,11.1,0.0,0.0,354.3,1.6,326.0,17.1,479.0,22.9,16.0,382.0,6.0,0.0,45.0,480.0,14.0,0.0,46.0,21.9,CAR,16.0,380.0,32,31,27,5
RAHEEM MOSTERT,RB,70.2,16.2,0.0,0.0,1.7,0.2,11.7,13.9,1.2,67.5,53.0,242.7,0.0,0.0,91.5,17.8,64.0,267.7,90.0,15.0,8.0,121.0,25.0,3.0,175.0,72.0,209.0,18.0,1012.0,9.7,MIA,7.0,101.0,6,5,19,2
RASHAAD PENNY,RB,309.3,1.3,0.0,0.0,0.3,0.0,1.7,3.7,0.0,11.0,231.0,3.8,0.0,0.0,314.0,1.6,263.0,4.8,322.0,19.4,13.0,364.0,1.0,0.0,5.0,318.0,11.0,0.0,33.0,19.5,CAR,13.0,363.0,32,31,27,4
RASHEE RICE,WR,84.4,8.3,0.0,0.0,4.9,0.4,58.6,0.1,0.0,-0.2,32.0,133.5,0.0,0.0,78.7,13.3,30.0,212.5,78.0,23.2,7.0,139.0,79.0,7.0,938.0,82.0,1.0,0.0,-3.0,23.9,KC,7.0,149.0,8,6,14,2
RASHEEN ALI,RB,292.9,0.0,0.0,0.0,0.0,0.0,0.0,0.0,0.0,0.0,245.0,0.0,0.0,0.0,305.7,0.0,256.0,0.0,344.0,37.5,14.0,380.0,0.0,0.0,0.0,335.0,0.0,0.0,0.0,29.9,BAL,14.0,337.0,20,14,25,4
RASHID SHAHEED,WR,134.5,6.8,0.0,0.0,2.9,0.3,44.9,0.4,0.0,2.3,99.0,109.6,0.0,0.0,145.4,9.7,106.0,155.6,143.0,19.8,9.0,203.0,46.0,5.0,719.0,132.0,7.0,0.0,37.0,20.0,NO,9.0,200.0,15,21,10,2
RASHOD BATEMAN,WR,189.3,2.8,0.0,0.0,2.0,0.1,22.9,0.1,0.0,1.1,109.0,44.5,0.0,0.0,187.3,4.8,115.0,76.5,181.0,23.8,10.0,238.0,32.0,1.0,367.0,182.0,1.0,0.0,18.0,22.8,BAL,10.0,242.0,12,10,13,2
RAY RAY MCCLOUD,WR,288.0,1.4,0.0,0.0,1.0,0.0,11.3,0.3,0.0,2.5,233.0,16.5,0.0,0.0,279.0,2.4,228.0,28.5,446.0,51.0,15.0,330.0,12.0,0.0,135.0,452.0,3.0,0.0,30.0,55.0,ATL,15.0,343.0,20,8,29,6
RHAMONDRE STEVENSON,RB,68.3,9.0,0.0,0.0,3.2,0.0,19.8,13.0,0.3,51.6,48.0,107.7,0.0,0.0,66.0,12.1,38.0,145.7,65.0,9.8,6.0,98.0,38.0,0.0,238.0,69.0,156.0,4.0,619.0,10.8,NE,6.0,97.0,8,10,7,1
RICHIE JAMES,WR,298.5,1.0,0.0,0.0,1.1,0.0,12.7,0.0,0.0,0.0,244.0,9.4,0.0,0.0,291.5,2.2,244.0,19.4,455.0,47.5,15.0,339.0,10.0,0.0,114.0,460.0,0.0,0.0,0.0,54.5,FA,15.0,353.0,33,33,33,0
RICKY PEARSALL,WR,195.3,0.0,0.0,0.0,0.0,0.0,0.0,0.0,0.0,0.0,93.0,0.0,0.0,0.0,205.8,0.0,114.0,0.0,213.0,28.4,11.0,272.0,0.0,0.0,0.0,201.0,0.0,0.0,0.0,32.1,SF,11.0,271.0,2,3,9,3
RICO DOWDLE,RB,150.7,4.7,0.0,0.0,1.1,0.1,9.0,5.6,0.1,22.6,121.0,74.5,0.0,0.0,159.1,5.7,121.0,91.5,154.0,26.5,10.0,274.0,17.0,2.0,144.0,150.0,89.0,2.0,361.0,24.7,DAL,9.0,259.0,5,4,23,2
RILEY PATTERSON,K,226.0,6.2,0.0,0.0,0.0,0.0,0.0,0.0,0.0,0.0,186.0,93.0,0.0,0.0,252.0,6.2,223.0,93.0,434.0,29.0,15.0,281.0,0.0,0.0,0.0,400.0,0.0,0.0,0.0,38.5,JAC,15.0,278.0,5,8,5,2
ROBERT TONYAN,TE,340.2,0.7,0.0,0.0,0.6,0.0,6.6,0.0,0.0,0.0,273.0,11.2,0.0,0.0,364.0,1.3,335.0,22.2,467.0,22.4,16.0,394.0,11.0,0.0,112.0,433.0,0.0,0.0,0.0,37.7,MIN,15.0,376.0,3,3,6,0
ROBERT WOODS,WR,299.3,3.5,0.0,0.0,2.9,0.1,30.4,0.1,0.0,0.5,240.0,49.3,0.0,0.0,293.2,6.4,220.0,89.3,304.0,20.4,13.0,343.0,40.0,1.0,426.0,308.0,1.0,0.0,7.0,18.6,HOU,13.0,345.0,31,32,16,4
ROMAN WILSON,WR,207.7,0.0,0.0,0.0,0.0,0.0,0.0,0.0,0.0,0.0,148.0,0.0,0.0,0.0,201.6,0.0,114.0,0.0,204.0,25.2,11.0,263.0,0.0,0.0,0.0,214.0,0.0,0.0,0.0,23.7,PIT,11.0,265.0,23,26,20,2
ROME ODUNZE,WR,107.2,0.0,0.0,0.0,0.0,0.0,0.0,0.0,0.0,0.0,59.0,0.0,0.0,0.0,107.3,0.0,56.0,0.0,109.0,30.9,8.0,261.0,0.0,0.0,0.0,110.0,0.0,0.0,0.0,26.4,CHI,8.0,200.0,9,2,27,3
ROMEO DOUBS,WR,136.3,6.8,0.0,0.0,3.5,0.5,39.6,0.0,0.0,0.0,102.0,115.4,0.0,0.0,137.3,10.3,99.0,174.4,134.0,16.4,9.0,181.0,59.0,8.0,674.0,134.0,0.0,0.0,0.0,15.7,GB,9.0,176.0,5,5,17,3
RONDALE MOORE,WR,249.8,3.8,0.0,0.0,2.4,0.1,20.7,1.6,0.1,10.5,176.0,65.0,0.0,0.0,242.9,6.2,173.0,105.0,241.0,26.0,12.0,308.0,40.0,1.0,352.0,249.0,28.0,1.0,178.0,24.8,ATL,12.0,304.0,20,8,29,3
RONNIE RIVERS,RB,309.3,1.7,0.0,0.0,0.6,0.0,2.4,3.6,0.0,14.3,277.0,15.1,0.0,0.0,314.0,2.2,285.0,20.1,320.0,16.7,13.0,364.0,5.0,0.0,22.0,320.0,32.0,0.0,129.0,12.6,LAR,13.0,342.0,1,2,14,3
ROSCHON JOHNSON,RB,172.3,4.5,0.0,0.0,2.3,0.0,13.9,5.4,0.1,23.5,129.0,68.1,0.0,0.0,165.9,6.8,126.0,102.1,161.0,20.4,10.0,218.0,34.0,0.0,209.0,163.0,81.0,2.0,352.0,24.5,CHI,10.0,230.0,18,21,12,2
ROYCE FREEMAN,RB,310.5,4.1,0.0,0.0,0.1,0.0,1.2,7.0,0.2,29.0,264.0,45.2,0.0,0.0,335.2,4.2,293.0,46.2,366.0,28.9,14.0,382.0,1.0,0.0,13.0,347.0,77.0,2.0,319.0,27.7,DAL,14.0,357.0,5,4,23,4
RUSSELL WILSON,QB,187.2,17.7,1.7,204.7,0.0,0.0,0.0,5.3,0.2,22.7,118.0,264.9,26.0,3070.0,188.3,17.7,118.0,264.9,176.0,40.6,10.0,275.0,0.0,0.0,0.0,175.0,80.0,3.0,341.0,40.2,PIT,10.0,275.0,28,29,23,1
RYAN FLOURNOY,WR,364.4,0.0,0.0,0.0,0.0,0.0,0.0,0.0,0.0,0.0,324.0,0.0,0.0,0.0,363.8,0.0,315.0,0.0,466.0,33.0,15.0,403.0,0.0,0.0,0.0,469.0,0.0,0.0,0.0,28.5,DAL,16.0,396.0,1,1,2,0
SALVON AHMED,RB,325.7,3.0,0.0,0.0,1.8,0.1,9.8,2.4,0.1,6.8,307.0,26.9,0.0,0.0,320.6,4.8,296.0,42.9,329.0,16.7,13.0,369.0,16.0,1.0,88.0,330.0,22.0,1.0,61.0,17.5,MIA,14.0,365.0,6,5,19,6
SAM DARNOLD,QB,292.9,2.4,0.2,29.7,0.0,0.0,0.0,2.1,0.1,1.5,138.0,24.4,2.0,297.0,293.2,2.4,138.0,24.4,286.0,32.7,13.0,332.0,0.0,0.0,0.0,285.0,21.0,1.0,15.0,32.8,MIN,13.0,334.0,3,10,2,2
SAM HOWELL,QB,319.0,16.3,1.2,232.1,0.0,0.0,0.0,2.8,0.3,15.5,188.0,277.5,21.0,3946.0,321.2,16.4,188.0,278.5,340.0,31.7,14.0,387.0,0.0,0.0,0.0,338.0,48.0,5.0,263.0,30.9,SEA,14.0,387.0,12,19,7,2
SAM LAPORTA,TE,31.5,9.0,0.0,0.0,5.1,0.6,52.3,0.1,0.0,0.2,25.0,153.3,0.0,0.0,31.6,14.1,25.0,239.3,28.0,13.5,4.0,78.0,86.0,10.0,889.0,30.0,1.0,0.0,4.0,13.7,DET,4.0,78.0,9,11,14,1
SAMAJE PERINE,RB,269.4,4.2,0.0,0.0,2.9,0.0,26.8,3.1,0.1,14.0,228.0,71.3,0.0,0.0,252.6,7.1,174.0,121.3,258.0,21.6,12.0,286.0,50.0,0.0,455.0,270.0,53.0,1.0,238.0,17.5,DEN,12.0,310.0,19,18,20,3
SAN FRANCISCO 49ERS,DEF,162.8,8.3,0.0,0.0,0.0,0.0,0.0,0.0,0.0,0.0,150.0,141.0,0.0,0.0,162.9,8.3,150.0,141.0,162.0,8.8,10.0,189.0,0.0,0.0,0.0,160.0,0.0,0.0,0.0,9.0,SF,10.0,189.0,9,15,5,0
SAQUON BARKLEY,RB,15.0,13.0,0.0,0.0,2.9,0.3,20.0,17.6,0.4,68.7,6.0,182.2,0.0,0.0,16.7,15.9,8.0,223.2,14.0,5.5,3.0,38.0,41.0,4.0,280.0,14.0,247.0,6.0,962.0,4.4,PHI,3.0,42.0,15,28,1,1
SEAN TUCKER,RB,342.0,0.6,0.0,0.0,0.4,0.0,1.8,3.0,0.0,4.6,296.0,3.2,0.0,0.0,339.4,1.0,277.0,5.2,396.0,37.1,15.0,392.0,2.0,0.0,9.0,404.0,15.0,0.0,23.0,30.8,TB,15.0,393.0,28,30,9,4
SEATTLE SEAHAWKS,DEF,253.0,6.4,0.0,0.0,0.0,0.0,0.0,0.0,0.0,0.0,182.0,109.0,0.0,0.0,263.5,6.4,182.0,109.0,365.0,44.9,14.0,317.0,0.0,0.0,0.0,361.0,0.0,0.0,0.0,51.3,SEA,14.0,318.0,7,6,20,0
SKYY MOORE,WR,324.4,2.3,0.0,0.0,1.5,0.1,17.4,0.2,0.0,1.6,262.0,32.7,0.0,0.0,318.4,3.8,264.0,53.7,345.0,28.8,14.0,368.0,21.0,1.0,244.0,345.0,3.0,0.0,23.0,28.5,KC,14.0,375.0,8,6,14,6
SPENCER RATTLER,QB,349.6,0.0,0.0,0.0,0.0,0.0,0.0,0.0,0.0,0.0,298.0,0.0,0.0,0.0,358.8,0.0,298.0,0.0,473.0,35.9,16.0,387.0,0.0,0.0,0.0,445.0,0.0,0.0,0.0,29.6,NO,15.0,387.0,11,18,8,3
STEFON DIGGS,WR,51.9,9.8,0.0,0.0,6.3,0.5,69.6,0.1,0.0,0.3,20.0,166.8,0.0,0.0,39.9,16.1,14.0,273.8,40.0,14.2,5.0,81.0,107.0,8.0,1183.0,52.0,1.0,0.0,5.0,15.6,HOU,6.0,93.0,31,32,16,1
STERLING SHEPARD,WR,361.5,0.7,0.0,0.0,0.7,0.1,3.8,0.1,0.0,0.4,339.0,10.3,0.0,0.0,361.0,1.4,352.0,20.3,491.0,9.0,16.0,370.0,10.0,1.0,57.0,496.0,1.0,0.0,6.0,22.5,TB,16.0,384.0,21,16,24,5
TAMPA BAY BUCCANEERS,DEF,250.1,7.8,0.0,0.0,0.0,0.0,0.0,0.0,0.0,0.0,187.0,133.0,0.0,0.0,259.0,7.8,187.0,133.0,356.0,58.6,14.0,355.0,0.0,0.0,0.0,354.0,0.0,0.0,0.0,61.7,TB,14.0,355.0,26,22,24,0
TANNER HUDSON,TE,330.4,3.4,0.0,0.0,3.3,0.1,29.3,0.0,0.0,0.0,266.0,41.2,0.0,0.0,322.8,6.7,245.0,80.2,358.0,30.2,14.0,371.0,39.0,1.0,352.0,362.0,0.0,0.0,0.0,28.2,CIN,14.0,371.0,26,23,28,4
TAYSOM HILL,TE,171.7,6.9,0.0,0.0,2.1,0.1,18.2,5.1,0.3,25.1,94.0,110.5,0.0,0.0,221.2,9.0,123.0,143.5,227.0,43.9,11.0,351.0,33.0,2.0,291.0,177.0,81.0,4.0,401.0,44.0,NO,10.0,308.0,13,22,5,2
TEE HIGGINS,WR,44.5,8.0,0.0,0.0,3.5,0.4,54.7,0.0,0.0,0.0,22.0,95.6,0.0,0.0,51.1,11.5,31.0,137.6,51.0,9.3,6.0,79.0,42.0,5.0,656.0,41.0,0.0,0.0,0.0,9.4,CIN,5.0,75.0,27,27,23,2
TERRACE MARSHALL,WR,356.3,1.5,0.0,0.0,2.1,0.0,15.4,0.0,0.0,0.0,310.0,13.9,0.0,0.0,339.8,3.7,292.0,32.9,423.0,38.8,15.0,390.0,19.0,0.0,139.0,443.0,0.0,0.0,0.0,31.3,CAR,15.0,395.0,17,13,18,5
TERRY MCLAURIN,WR,66.9,7.3,0.0,0.0,4.6,0.2,58.9,0.0,0.0,0.0,43.0,124.2,0.0,0.0,55.9,12.0,35.0,203.2,55.0,9.5,6.0,75.0,79.0,4.0,1002.0,67.0,0.0,0.0,0.0,12.6,WAS,6.0,108.0,13,4,28,1
THEO JOHNSON,TE,297.7,0.0,0.0,0.0,0.0,0.0,0.0,0.0,0.0,0.0,249.0,0.0,0.0,0.0,289.6,0.0,228.0,0.0,325.0,24.5,13.0,341.0,0.0,0.0,0.0,327.0,0.0,0.0,0.0,24.1,NYG,13.0,343.0,25,31,3,2
TIM PATRICK,WR,334.4,0.0,0.0,0.0,0.0,0.0,0.0,0.0,0.0,0.0,271.0,0.0,0.0,0.0,328.2,0.0,272.0,0.0,363.0,30.1,14.0,379.0,0.0,0.0,0.0,364.0,0.0,0.0,0.0,29.8,DEN,14.0,390.0,19,28,8,5
TIP REIMAN,TE,371.0,0.0,0.0,0.0,0.0,0.0,0.0,0.0,0.0,0.0,328.0,0.0,0.0,0.0,374.0,0.0,325.0,0.0,484.0,25.3,16.0,391.0,0.0,0.0,0.0,488.0,0.0,0.0,0.0,25.5,ARI,16.0,391.0,11,16,11,2
TJ HOCKENSON,TE,126.4,8.3,0.0,0.0,6.3,0.3,64.0,0.0,0.0,0.0,85.0,124.0,0.0,0.0,114.6,14.6,48.0,219.0,114.0,20.4,8.0,157.0,95.0,5.0,960.0,124.0,0.0,0.0,0.0,20.5,MIN,9.0,181.0,3,3,6,1
TOMMY TREMBLE,TE,356.3,2.3,0.0,0.0,1.4,0.2,12.1,0.0,0.0,0.0,304.0,37.4,0.0,0.0,361.8,3.8,313.0,60.4,428.0,21.5,15.0,381.0,23.0,3.0,194.0,419.0,0.0,0.0,0.0,20.9,CAR,15.0,376.0,4,8,1,2
TONY POLLARD,RB,81.6,9.9,0.0,0.0,3.2,0.0,18.3,14.8,0.4,59.1,63.0,167.6,0.0,0.0,87.2,13.1,66.0,222.6,83.0,15.3,7.0,121.0,55.0,0.0,311.0,81.0,252.0,6.0,1005.0,12.7,TEN,7.0,116.0,11,13,6,1
TRAVIS ETIENNE,RB,25.5,13.2,0.0,0.0,3.4,0.1,28.0,15.7,0.6,59.3,8.0,224.4,0.0,0.0,24.4,16.6,8.0,282.4,22.0,9.9,4.0,42.0,58.0,1.0,476.0,21.0,267.0,11.0,1008.0,10.4,JAC,4.0,48.0,30,27,26,1
TRAVIS KELCE,TE,33.4,8.4,0.0,0.0,6.2,0.3,65.6,0.0,0.0,0.0,25.0,126.4,0.0,0.0,31.3,14.6,25.0,219.4,27.0,12.4,4.0,78.0,93.0,5.0,984.0,33.0,0.0,0.0,0.0,14.6,KC,4.0,78.0,5,2,23,1
TRAYVEON WILLIAMS,RB,355.2,0.5,0.0,0.0,0.4,0.0,0.6,0.9,0.0,4.1,298.0,7.9,0.0,0.0,356.7,0.9,302.0,14.9,409.0,30.2,15.0,397.0,7.0,0.0,10.0,401.0,15.0,0.0,69.0,26.3,CIN,15.0,388.0,24,17,29,3
TRE TUCKER,WR,307.6,3.3,0.0,0.0,1.2,0.1,20.7,0.6,0.0,4.8,262.0,52.8,0.0,0.0,311.7,4.5,270.0,71.8,346.0,23.8,14.0,349.0,19.0,2.0,331.0,344.0,10.0,0.0,77.0,23.7,LV,14.0,349.0,18,17,22,4
TRENT SHERFIELD,WR,375.0,0.9,0.0,0.0,0.6,0.1,5.1,0.0,0.0,0.0,359.0,14.6,0.0,0.0,366.2,1.5,352.0,25.6,471.0,12.1,16.0,383.0,11.0,1.0,86.0,484.0,0.0,0.0,0.0,9.8,MIN,16.0,388.0,10,24,3,4
TRENTON IRWIN,WR,356.5,2.4,0.0,0.0,1.6,0.1,19.8,0.0,0.0,0.0,276.0,37.6,0.0,0.0,358.8,3.9,301.0,62.6,415.0,25.2,15.0,395.0,25.0,1.0,316.0,399.0,0.0,0.0,0.0,33.8,CIN,15.0,396.0,27,27,23,5
TREVOR LAWRENCE,QB,96.8,17.3,1.3,251.0,0.0,0.0,0.0,4.4,0.3,21.2,70.0,276.5,21.0,4016.0,98.0,17.3,70.0,276.5,96.0,12.5,8.0,121.0,0.0,0.0,0.0,96.0,70.0,4.0,339.0,11.9,JAC,8.0,118.0,31,28,31,1
TREY BENSON,RB,122.7,0.0,0.0,0.0,0.0,0.0,0.0,0.0,0.0,0.0,69.0,0.0,0.0,0.0,132.3,0.0,88.0,0.0,135.0,26.5,9.0,310.0,0.0,0.0,0.0,125.0,0.0,0.0,0.0,27.3,ARI,9.0,302.0,25,26,13,2
TREY LANCE,QB,367.4,0.0,0.0,0.0,0.0,0.0,0.0,0.0,0.0,0.0,311.0,0.0,0.0,0.0,362.5,0.0,311.0,0.0,477.0,30.7,16.0,387.0,0.0,0.0,0.0,472.0,0.0,0.0,0.0,29.2,DAL,16.0,387.0,2,8,3,3
TREY MCBRIDE,TE,63.6,5.9,0.0,0.0,4.8,0.2,48.5,0.0,0.0,0.0,26.0,100.5,0.0,0.0,53.4,10.7,25.0,181.5,54.0,14.6,6.0,100.0,81.0,3.0,825.0,59.0,0.0,0.0,0.0,21.0,ARI,6.0,105.0,11,16,11,1
TREY PALMER,WR,272.7,3.3,0.0,0.0,2.3,0.2,22.6,0.2,0.0,1.3,194.0,56.7,0.0,0.0,268.5,5.6,179.0,95.7,270.0,22.8,12.0,353.0,39.0,3.0,385.0,274.0,3.0,0.0,22.0,22.1,TB,12.0,330.0,21,16,24,4
TREY SERMON,RB,278.3,1.4,0.0,0.0,0.3,0.0,1.1,2.9,0.0,13.3,204.0,17.3,0.0,0.0,296.6,1.7,230.0,20.3,299.0,28.1,13.0,353.0,3.0,0.0,13.0,284.0,35.0,0.0,160.0,27.0,IND,13.0,321.0,31,32,22,2
TREYLON BURKS,WR,244.3,2.2,0.0,0.0,1.5,0.0,20.1,0.5,0.0,1.6,194.0,23.9,0.0,0.0,242.8,3.6,183.0,39.9,247.0,31.3,12.0,345.0,16.0,0.0,221.0,246.0,5.0,0.0,18.0,29.5,TEN,12.0,343.0,28,29,19,4
TROY FRANKLIN,WR,215.7,0.0,0.0,0.0,0.0,0.0,0.0,0.0,0.0,0.0,155.0,0.0,0.0,0.0,212.1,0.0,136.0,0.0,210.0,27.1,11.0,290.0,0.0,0.0,0.0,217.0,0.0,0.0,0.0,25.6,DEN,11.0,276.0,19,28,8,4
TUA TAGOVAILOA,QB,87.3,16.7,1.7,272.0,0.0,0.0,0.0,2.1,0.0,4.4,58.0,284.4,29.0,4624.0,88.3,16.7,58.0,284.4,85.0,12.8,7.0,125.0,0.0,0.0,0.0,87.0,35.0,0.0,74.0,12.0,MIA,7.0,124.0,32,30,32,1
TUCKER KRAFT,TE,209.8,2.8,0.0,0.0,1.8,0.1,20.9,0.0,0.0,0.0,137.0,47.5,0.0,0.0,206.8,4.6,123.0,78.5,200.0,42.1,11.0,308.0,31.0,2.0,355.0,207.0,0.0,0.0,0.0,41.8,GB,11.0,305.0,8,9,15,2
TY CHANDLER,RB,146.1,5.0,0.0,0.0,1.3,0.0,9.9,6.4,0.2,28.8,121.0,80.0,0.0,0.0,151.9,6.3,126.0,101.0,150.0,18.1,10.0,230.0,21.0,0.0,159.0,147.0,102.0,3.0,461.0,18.8,MIN,9.0,227.0,26,16,30,2
TY JOHNSON,RB,330.2,2.8,0.0,0.0,0.8,0.1,6.9,3.3,0.0,14.7,249.0,25.4,0.0,0.0,333.4,3.6,249.0,32.4,372.0,34.9,14.0,384.0,7.0,1.0,62.0,368.0,30.0,0.0,132.0,32.1,BUF,14.0,365.0,12,7,24,3
TYJAE SPEARS,RB,113.7,6.0,0.0,0.0,3.1,0.1,22.6,5.9,0.1,26.6,77.0,101.8,0.0,0.0,99.8,9.0,67.0,153.8,99.0,15.9,8.0,131.0,52.0,1.0,385.0,113.0,100.0,2.0,453.0,9.7,TEN,8.0,142.0,11,13,6,2
TYLER ALLGEIER,RB,151.4,7.0,0.0,0.0,1.1,0.1,11.4,10.9,0.2,40.2,122.0,119.6,0.0,0.0,158.5,8.1,131.0,137.6,153.0,19.5,10.0,256.0,18.0,1.0,193.0,144.0,186.0,4.0,683.0,17.5,ATL,9.0,237.0,7,15,2,2
TYLER BASS,K,206.0,7.8,0.0,0.0,0.0,0.0,0.0,0.0,0.0,0.0,164.0,133.0,0.0,0.0,205.6,7.8,164.0,133.0,202.0,11.1,11.0,239.0,0.0,0.0,0.0,205.0,0.0,0.0,0.0,10.4,BUF,11.0,239.0,24,16,27,1
TYLER BOYD,WR,241.3,4.6,0.0,0.0,3.9,0.1,39.2,0.1,0.0,0.6,139.0,78.8,0.0,0.0,223.9,8.6,141.0,145.8,228.0,29.7,11.0,334.0,67.0,2.0,667.0,243.0,2.0,0.0,11.0,27.1,TEN,12.0,338.0,28,29,19,3
TYLER CONKLIN,TE,207.9,3.7,0.0,0.0,3.6,0.0,36.5,0.1,0.0,0.0,130.0,62.1,0.0,0.0,195.9,7.2,111.0,123.1,186.0,38.7,11.0,289.0,61.0,0.0,621.0,200.0,1.0,0.0,0.0,40.7,NYJ,11.0,305.0,28,21,31,1
TYLER GOODSON,RB,354.3,2.0,0.0,0.0,1.0,0.0,5.7,2.2,0.0,14.5,303.0,12.1,0.0,0.0,355.7,3.0,291.0,18.1,481.0,45.7,16.0,388.0,6.0,0.0,34.0,478.0,13.0,0.0,87.0,37.6,IND,16.0,392.0,31,32,22,4
TYLER HIGBEE,TE,269.3,4.1,0.0,0.0,3.1,0.1,33.0,0.0,0.0,0.0,188.0,61.5,0.0,0.0,260.9,7.2,189.0,108.5,262.0,32.2,12.0,349.0,47.0,2.0,495.0,266.0,0.0,0.0,0.0,29.8,LAR,12.0,353.0,22,14,27,1
TYLER LOCKETT,WR,120.3,7.3,0.0,0.0,4.6,0.3,52.6,0.0,0.0,0.0,89.0,123.4,0.0,0.0,100.9,11.9,63.0,202.4,102.0,13.9,8.0,136.0,79.0,5.0,894.0,118.0,0.0,0.0,0.0,13.7,SEA,8.0,155.0,3,7,4,2
TYLER SCOTT,WR,301.3,1.1,0.0,0.0,1.0,0.0,9.9,0.4,0.0,2.4,269.0,18.9,0.0,0.0,299.6,2.1,244.0,35.9,312.0,18.2,13.0,350.0,17.0,0.0,168.0,310.0,7.0,0.0,41.0,18.3,CHI,13.0,359.0,9,2,27,4
TYQUAN THORNTON,WR,353.6,1.6,0.0,0.0,1.4,0.0,10.1,0.3,0.0,5.7,324.0,14.2,0.0,0.0,353.0,3.0,313.0,27.2,430.0,27.4,15.0,390.0,13.0,0.0,91.0,431.0,3.0,0.0,51.0,22.6,NE,15.0,384.0,25,9,31,7
TYREEK HILL,WR,3.1,16.1,0.0,0.0,7.4,0.8,112.4,0.4,0.0,0.9,2.0,257.4,0.0,0.0,3.6,23.5,2.0,376.4,3.0,1.6,1.0,8.0,119.0,13.0,1799.0,3.0,6.0,0.0,15.0,0.7,MIA,1.0,5.0,29,12,32,1
TYROD TAYLOR,QB,371.7,8.2,0.5,121.9,0.0,0.0,0.0,3.5,0.0,17.9,321.0,90.3,5.0,1341.0,371.7,8.2,321.0,90.3,490.0,35.8,16.0,397.0,0.0,0.0,0.0,495.0,38.0,0.0,197.0,35.8,NYJ,16.0,397.0,15,15,11,2
TYRONE TRACY,RB,235.8,0.0,0.0,0.0,0.0,0.0,0.0,0.0,0.0,0.0,151.0,0.0,0.0,0.0,244.7,0.0,155.0,0.0,256.0,44.5,12.0,335.0,0.0,0.0,0.0,251.0,0.0,0.0,0.0,44.7,NYG,12.0,332.0,13,1,32,2
VAN JEFFERSON,WR,324.1,1.3,0.0,0.0,1.2,0.0,12.3,0.1,0.0,0.2,201.0,21.3,0.0,0.0,318.0,2.4,203.0,41.3,347.0,43.8,14.0,384.0,20.0,0.0,209.0,346.0,1.0,0.0,4.0,43.6,PIT,14.0,383.0,23,26,20,3
WANDALE ROBINSON,WR,203.4,4.9,0.0,0.0,4.0,0.1,35.0,0.6,0.1,5.8,155.0,73.2,0.0,0.0,178.9,8.9,115.0,133.2,168.0,23.1,10.0,240.0,60.0,1.0,525.0,196.0,9.0,1.0,87.0,17.9,NYG,11.0,262.0,4,23,1,2
WASHINGTON COMMANDERS,DEF,211.0,3.8,0.0,0.0,0.0,0.0,0.0,0.0,0.0,0.0,160.0,64.0,0.0,0.0,232.7,3.8,200.0,64.0,400.0,33.7,15.0,279.0,0.0,0.0,0.0,387.0,0.0,0.0,0.0,44.0,WAS,14.0,278.0,6,5,19,0
WIL LUTZ,K,263.5,7.6,0.0,0.0,0.0,0.0,0.0,0.0,0.0,0.0,185.0,129.0,0.0,0.0,260.6,7.6,185.0,129.0,341.0,32.7,14.0,330.0,0.0,0.0,0.0,342.0,0.0,0.0,0.0,36.8,DEN,14.0,332.0,32,32,19,1
WILL DISSLY,TE,336.2,1.4,0.0,0.0,1.1,0.1,10.8,0.0,0.0,0.0,260.0,23.2,0.0,0.0,328.9,2.5,235.0,40.2,369.0,42.5,14.0,387.0,17.0,1.0,172.0,374.0,0.0,0.0,0.0,35.7,LAC,14.0,391.0,24,26,13,2
WILL LEVIS,QB,143.2,11.8,0.9,200.9,0.0,0.0,0.0,2.8,0.1,6.3,112.0,106.0,8.0,1808.0,144.7,11.8,112.0,106.0,139.0,19.1,9.0,213.0,0.0,0.0,0.0,140.0,25.0,1.0,57.0,17.7,TEN,9.0,213.0,18,24,5,1
WILL MALLORY,TE,369.1,1.7,0.0,0.0,1.5,0.0,17.3,0.0,0.0,0.0,321.0,20.7,0.0,0.0,361.5,3.2,298.0,38.7,453.0,31.0,15.0,391.0,18.0,0.0,207.0,458.0,0.0,0.0,0.0,23.4,IND,15.0,391.0,21,24,7,4
WILL SHIPLEY,RB,259.2,0.0,0.0,0.0,0.0,0.0,0.0,0.0,0.0,0.0,188.0,0.0,0.0,0.0,272.9,0.0,219.0,0.0,275.0,24.0,12.0,328.0,0.0,0.0,0.0,263.0,0.0,0.0,0.0,24.8,PHI,12.0,324.0,15,28,1,3
XAVIER GIPSON,WR,334.4,2.2,0.0,0.0,1.2,0.0,13.5,0.5,0.1,4.0,279.0,37.7,0.0,0.0,335.3,3.5,259.0,58.7,382.0,41.8,14.0,395.0,21.0,0.0,229.0,386.0,8.0,1.0,68.0,37.0,NYJ,14.0,390.0,16,20,12,5
XAVIER HUTCHINSON,WR,347.1,0.9,0.0,0.0,0.5,0.0,6.0,0.3,0.0,3.3,295.0,13.9,0.0,0.0,349.0,1.5,285.0,21.9,424.0,39.5,15.0,395.0,8.0,0.0,90.0,424.0,5.0,0.0,49.0,34.0,HOU,15.0,377.0,31,32,16,7
XAVIER LEGETTE,WR,195.1,0.0,0.0,0.0,0.0,0.0,0.0,0.0,0.0,0.0,134.0,0.0,0.0,0.0,189.4,0.0,113.0,0.0,185.0,29.2,11.0,297.0,0.0,0.0,0.0,190.0,0.0,0.0,0.0,29.0,CAR,11.0,291.0,17,13,18,3
XAVIER WORTHY,WR,95.8,0.0,0.0,0.0,0.0,0.0,0.0,0.0,0.0,0.0,64.0,0.0,0.0,0.0,100.3,0.0,73.0,0.0,101.0,11.2,8.0,116.0,0.0,0.0,0.0,94.0,0.0,0.0,0.0,12.3,KC,8.0,115.0,8,6,14,3
YOUNGHOE KOO,K,212.5,8.1,0.0,0.0,0.0,0.0,0.0,0.0,0.0,0.0,171.0,138.0,0.0,0.0,212.8,8.1,171.0,138.0,212.0,12.3,11.0,281.0,0.0,0.0,0.0,212.0,0.0,0.0,0.0,12.2,ATL,11.0,281.0,6,4,17,1
ZACH CHARBONNET,RB,134.3,4.6,0.0,0.0,2.1,0.0,13.1,6.8,0.1,28.9,117.0,73.1,0.0,0.0,131.1,6.6,102.0,106.1,129.0,9.8,9.0,155.0,33.0,0.0,209.0,131.0,108.0,1.0,462.0,10.1,SEA,9.0,161.0,23,25,17,2
ZACH ERTZ,TE,263.1,3.5,0.0,0.0,3.9,0.1,26.7,0.0,0.0,0.0,130.0,24.7,0.0,0.0,256.8,7.4,135.0,51.7,284.0,41.7,13.0,319.0,27.0,1.0,187.0,286.0,0.0,0.0,0.0,41.7,WAS,13.0,332.0,16,15,20,2
ZACH EVANS,RB,335.4,0.5,0.0,0.0,0.0,0.0,0.0,2.3,0.0,4.8,301.0,1.9,0.0,0.0,341.4,0.5,306.0,1.9,413.0,20.1,15.0,369.0,0.0,0.0,0.0,430.0,9.0,0.0,19.0,22.1,LAR,15.0,360.0,1,2,14,4
ZACH WILSON,QB,358.4,10.6,0.7,189.3,0.0,0.0,0.0,3.0,0.0,17.6,320.0,126.9,8.0,2271.0,358.8,10.6,322.0,126.9,461.0,28.0,15.0,397.0,0.0,0.0,0.0,462.0,36.0,0.0,211.0,28.5,DEN,15.0,397.0,19,20,10,2
ZACK MOSS,RB,87.3,10.2,0.0,0.0,1.9,0.1,13.7,13.1,0.4,56.7,52.0,142.6,0.0,0.0,97.8,12.1,64.0,169.6,95.0,18.6,8.0,142.0,27.0,2.0,192.0,85.0,183.0,5.0,794.0,17.9,CIN,7.0,140.0,24,17,29,1
ZAMIR WHITE,RB,68.8,3.9,0.0,0.0,1.0,0.0,6.5,6.9,0.1,30.1,37.0,58.9,0.0,0.0,76.7,4.9,45.0,73.9,76.0,13.7,7.0,117.0,15.0,0.0,98.0,71.0,104.0,1.0,451.0,12.8,LV,6.0,113.0,9,19,3,1
ZAY FLOWERS,WR,58.4,8.1,0.0,0.0,4.8,0.3,53.6,0.5,0.1,3.5,30.0,129.4,0.0,0.0,50.3,12.9,24.0,206.4,49.0,11.1,6.0,81.0,77.0,5.0,858.0,57.0,8.0,1.0,56.0,13.6,BAL,6.0,99.0,12,10,13,1
ZAY JONES,WR,236.1,4.9,0.0,0.0,3.8,0.2,35.7,0.0,0.0,0.0,176.0,44.1,0.0,0.0,218.2,8.7,153.0,78.1,224.0,33.0,11.0,271.0,34.0,2.0,321.0,241.0,0.0,0.0,0.0,30.1,ARI,12.0,302.0,7,14,5,2
