PLAYER NAME,AVG_FAN PTS,AVG_REC,AVG_REC_TDS,AVG_REC_YDS,AVG_RUSH_ATT,AVG_RUSH_TDS,AVG_RUSH_YDS,AVG_TGT,FAN PTS,POS_AVG.,POS_BEST,POS_RK,POS_STD.DEV,POS_TIERS,POS_WORST,PPR_AVG_FAN PTS,PPR_FAN PTS,PPR_POS_AVG.,PPR_POS_BEST,PPR_POS_RK,PPR_POS_STD.DEV,PPR_POS_TIERS,PPR_POS_WORST,REC,REC_TDS,REC_YDS,RUSH_ATT,RUSH_TDS,RUSH_YDS,TEAM,TGT,FULL_SOS,SEASON_SOS,PLAYOFF_SOS,BOOM,BUST,STARTER,DEPTH
ADAM TRAUTMAN,2.3,1.3,0.2,12.0,0.0,0.0,0.0,2.1,38.4,55.3,46.0,60.0,6.9,7.0,69.0,3.6,60.4,56.7,47,7,7.1,61,70,22.0,3.0,204.0,0.0,0.0,0.0,DEN,35.0,30,25,30,0,81,19,2
AJ BARNER,0.0,0.0,0.0,0.0,0.0,0.0,0.0,0.0,0.0,59.9,51.0,62.0,5.9,7.0,70.0,0.0,0.0,58.7,50,8,5.3,65,68,0.0,0.0,0.0,0.0,0.0,0.0,SEA,0.0,27,29,18,0,0,0,0
ALBERT OKWUEGBUNAM,0.0,0.0,0.0,0.0,0.0,0.0,0.0,0.3,0.0,108.0,86.0,102.0,11.7,9.0,122.0,0.0,0.0,107.6,86,9,11.8,97,126,0.0,0.0,0.0,0.0,0.0,0.0,PHI,1.0,31,30,24,0,100,0,3
ANDREW BECK,1.9,0.7,0.1,3.7,0.3,0.1,0.2,0.9,27.8,132.8,123.0,149.0,5.9,10.0,139.0,2.6,38.8,133.3,128,11,4.2,148,139,11.0,2.0,55.0,5.0,1.0,3.0,HOU,13.0,7,1,32,0,79,7,0
ANDREW OGLETREE,2.2,0.8,0.2,12.3,0.0,0.0,0.0,1.8,26.7,87.1,80.0,86.0,3.9,8.0,92.0,3.0,35.7,85.9,80,9,4.6,90,92,9.0,2.0,147.0,0.0,0.0,0.0,IND,21.0,21,24,7,0,83,17,0
ANTHONY FIRKSER,0.0,0.0,0.0,0.0,0.0,0.0,0.0,0.0,0.0,127.6,119.0,147.0,4.5,10.0,132.0,0.0,0.0,123.4,120,11,2.2,133,127,0.0,0.0,0.0,0.0,0.0,0.0,FA,0.0,33,33,33,0,100,0,0
AUSTIN HOOPER,1.4,1.5,0.0,13.8,0.0,0.0,0.0,1.8,23.4,61.1,43.0,57.0,14.4,7.0,90.0,2.8,48.4,58.1,38,7,12.6,57,81,25.0,0.0,234.0,0.0,0.0,0.0,NE,31.0,14,20,12,0,100,0,2
BEN SIMS,0.5,0.3,0.1,1.3,0.0,0.0,0.0,0.4,8.1,125.8,110.0,124.0,8.5,10.0,136.0,0.8,12.1,127.3,111,11,8.1,134,137,4.0,1.0,21.0,0.0,0.0,0.0,GB,6.0,8,9,15,0,92,0,3
BEN SINNOTT,0.0,0.0,0.0,0.0,0.0,0.0,0.0,0.0,0.0,26.4,15.0,25.0,5.5,4.0,41.0,0.0,0.0,25.6,14,4,5.4,24,39,0.0,0.0,0.0,0.0,0.0,0.0,WAS,0.0,16,15,20,0,0,0,1
BLAKE BELL,0.4,0.3,0.1,1.5,0.0,0.0,0.0,0.5,6.6,131.7,119.0,129.0,6.1,10.0,138.0,0.7,11.6,129.0,107,11,10.6,136,138,5.0,1.0,26.0,0.0,0.0,0.0,FA,9.0,33,33,33,0,92,8,0
BRAYDEN WILLIS,0.0,0.0,0.0,0.0,0.0,0.0,0.0,0.0,0.0,117.2,113.0,116.0,3.9,9.0,124.0,0.0,0.0,120.0,114,10,5.6,126,129,0.0,0.0,0.0,0.0,0.0,0.0,SF,0.0,12,7,22,0,100,0,0
BRENTON STRANGE,0.7,0.4,0.1,2.5,0.0,0.0,0.0,0.6,9.5,74.1,67.0,73.0,6.1,8.0,86.0,1.0,14.5,75.6,68,8,5.3,74,86,5.0,1.0,35.0,0.0,0.0,0.0,JAC,9.0,19,10,25,0,91,9,2
BREVIN JORDAN,2.6,1.3,0.2,16.8,0.0,0.0,0.0,1.6,33.9,47.7,38.0,48.0,7.4,6.0,65.0,3.9,50.9,51.4,41,7,6.5,49,66,17.0,2.0,219.0,0.0,0.0,0.0,HOU,21.0,7,1,32,0,75,25,3
BREVYN SPANN-FORD,0.0,0.0,0.0,0.0,0.0,0.0,0.0,0.0,0.0,104.3,72.0,112.0,28.2,9.0,145.0,0.0,0.0,104.5,75,10,26.7,121,144,0.0,0.0,0.0,0.0,0.0,0.0,DAL,0.0,29,28,21,0,0,0,0
BROCK BOWERS,0.0,0.0,0.0,0.0,0.0,0.0,0.0,0.0,0.0,11.9,6.0,12.0,3.1,3.0,21.0,0.0,0.0,12.6,5,3,3.3,12,23,0.0,0.0,0.0,0.0,0.0,0.0,LV,0.0,10,18,9,0,0,0,1
BROCK WRIGHT,1.1,0.9,0.1,6.5,0.0,0.0,0.0,1.0,15.1,67.2,54.0,66.0,8.8,7.0,89.0,2.0,28.1,68.3,54,8,8.1,68,88,13.0,1.0,91.0,0.0,0.0,0.0,DET,14.0,9,11,14,0,91,9,2
BRYCEN HOPKINS,0.5,0.3,0.0,5.2,0.0,0.0,0.0,0.5,7.8,95.8,85.0,98.0,9.4,9.0,112.0,0.9,12.8,102.3,90,10,9.3,101,117,5.0,0.0,78.0,0.0,0.0,0.0,FA,7.0,33,33,33,0,100,0,0
BRYSON SUMLIN,0.0,0.0,0.0,0.0,0.0,0.0,0.0,0.0,0.0,97.5,74.0,111.0,19.6,9.0,126.0,0.0,0.0,91.3,73,10,15.5,112,109,0.0,0.0,0.0,0.0,0.0,0.0,FA,0.0,33,33,33,0,0,0,0
CADE OTTON,4.1,2.8,0.2,26.8,0.0,0.0,0.0,3.9,69.5,21.7,18.0,20.0,2.2,4.0,28.0,6.9,116.5,20.9,16,4,2.2,19,27,47.0,4.0,455.0,0.0,0.0,0.0,TB,67.0,18,17,17,6,56,19,1
CADE STOVER,0.0,0.0,0.0,0.0,0.0,0.0,0.0,0.0,0.0,49.9,42.0,51.0,7.0,6.0,68.0,0.0,0.0,51.4,44,7,7.3,50,70,0.0,0.0,0.0,0.0,0.0,0.0,HOU,0.0,7,1,32,0,0,0,2
CAMERON LATU,0.0,0.0,0.0,0.0,0.0,0.0,0.0,0.0,0.0,109.3,82.0,115.0,22.4,9.0,136.0,0.0,0.0,110.5,82,10,23.3,123,139,0.0,0.0,0.0,0.0,0.0,0.0,SF,0.0,12,7,22,0,0,0,0
CHARLIE KOLAR,1.1,0.5,0.1,6.2,0.0,0.0,0.0,0.6,14.7,89.8,73.0,81.0,11.9,8.0,106.0,1.6,21.7,85.0,73,9,7.5,82,96,7.0,1.0,87.0,0.0,0.0,0.0,BAL,9.0,6,12,10,0,92,8,3
CHARLIE WOERNER,0.2,0.2,0.0,1.9,0.0,0.0,0.0,0.2,3.2,89.4,77.0,89.0,9.0,8.0,104.0,0.4,6.2,85.6,71,9,9.7,89,102,3.0,0.0,32.0,0.0,0.0,0.0,ATL,3.0,15,13,19,0,100,0,2
CHIGOZIEM OKONKWO,3.5,3.2,0.1,31.1,0.1,0.0,0.4,4.5,59.4,23.6,16.0,21.0,3.4,4.0,38.0,6.7,113.4,22.0,16,4,3.6,21,40,54.0,1.0,528.0,2.0,0.0,6.0,TEN,77.0,2,5,4,0,75,13,1
CHRIS MANHERTZ,0.1,0.1,0.0,1.0,0.0,0.0,0.0,0.3,1.6,123.3,111.0,122.0,6.5,9.0,131.0,0.2,3.6,113.8,99,10,7.6,115,122,2.0,0.0,16.0,0.0,0.0,0.0,NYG,4.0,25,31,3,0,100,0,0
CJ UZOMAH,1.0,0.7,0.1,4.8,0.0,0.0,0.0,1.0,11.8,98.2,70.0,92.0,23.9,8.0,141.0,1.7,19.8,99.0,70,10,24.8,109,141,8.0,1.0,58.0,0.0,0.0,0.0,PHI,12.0,31,30,24,0,90,0,0
COLBY PARKINSON,2.2,1.5,0.1,14.5,0.0,0.0,0.0,2.0,36.7,38.8,28.0,40.0,6.0,6.0,59.0,3.6,61.7,39.4,30,6,5.8,40,59,25.0,2.0,247.0,0.0,0.0,0.0,LAR,34.0,22,14,27,0,88,13,2
COLE FOTHERINGHAM,0.3,0.5,0.0,3.0,0.0,0.0,0.0,0.5,0.6,128.3,120.0,143.0,9.1,10.0,141.0,0.8,1.6,127.0,121,11,7.1,147,137,1.0,0.0,6.0,0.0,0.0,0.0,LV,1.0,10,18,9,0,100,0,0
COLE KMET,6.4,4.3,0.4,42.3,0.2,0.0,0.1,5.3,108.1,15.3,10.0,16.0,2.1,3.0,21.0,10.7,181.1,14.9,8,3,2.1,16,20,73.0,6.0,719.0,3.0,0.0,2.0,CHI,90.0,20,19,16,13,44,44,1
COLE TURNER,1.0,0.9,0.0,10.0,0.0,0.0,0.0,1.3,12.0,64.5,48.0,64.0,11.0,7.0,91.0,1.9,23.0,64.2,43,7,11.1,62,87,11.0,0.0,120.0,0.0,0.0,0.0,WAS,15.0,16,15,20,0,100,0,4
CONNOR HEYWARD,1.0,1.4,0.0,9.8,0.1,0.0,0.0,2.0,16.7,95.9,77.0,87.0,12.3,8.0,111.0,2.3,39.7,88.6,77,9,8.6,85,102,23.0,0.0,167.0,1.0,0.0,0.0,PIT,34.0,23,27,8,0,100,0,3
CURTIS HODGES,0.0,0.0,0.0,0.0,0.0,0.0,0.0,0.0,0.0,128.2,113.0,139.0,11.0,10.0,145.0,0.0,0.0,133.6,126,11,6.0,143,144,0.0,0.0,0.0,0.0,0.0,0.0,FA,0.0,33,33,33,0,0,0,0
DALLAS GOEDERT,5.5,4.2,0.2,42.3,0.1,0.0,0.1,5.9,77.3,11.8,8.0,11.0,1.7,3.0,17.0,9.7,136.3,11.5,8,3,1.3,11,15,59.0,3.0,592.0,1.0,0.0,1.0,PHI,83.0,31,30,24,15,62,31,1
DALLIN HOLKER,0.0,0.0,0.0,0.0,0.0,0.0,0.0,0.0,0.0,88.2,61.0,93.0,31.9,8.0,140.0,0.0,0.0,88.4,63,9,31.1,100,140,0.0,0.0,0.0,0.0,0.0,0.0,NO,0.0,13,22,5,0,0,0,0
DALTON KINCAID,4.8,4.6,0.1,42.1,0.0,0.0,0.0,5.7,77.3,7.1,2.0,7.0,2.0,2.0,12.0,9.4,150.3,5.0,2,2,1.6,5,11,73.0,2.0,673.0,0.0,0.0,0.0,BUF,91.0,17,6,29,0,60,27,1
DALTON SCHULTZ,6.1,3.9,0.3,42.3,0.0,0.0,0.0,5.9,91.5,14.0,11.0,13.0,1.5,3.0,20.0,10.0,150.5,14.3,11,3,1.6,14,20,59.0,5.0,635.0,0.0,0.0,0.0,HOU,88.0,7,1,32,7,43,43,1
DANIEL BELLINGER,1.5,1.5,0.0,15.0,0.0,0.0,0.0,1.6,25.5,37.9,25.0,38.0,6.8,6.0,63.0,3.0,50.5,34.7,24,6,6.8,38,60,25.0,0.0,255.0,0.0,0.0,0.0,NYG,28.0,25,31,3,0,100,0,1
DANIEL MARX,0.0,0.0,0.0,0.0,0.0,0.0,0.0,0.0,0.0,83.0,66.0,105.0,18.0,9.0,113.0,0.0,0.0,97.6,87,10,7.9,106,111,0.0,0.0,0.0,0.0,0.0,0.0,FA,0.0,33,33,33,0,0,0,0
DARNELL WASHINGTON,0.4,0.4,0.0,3.6,0.0,0.0,0.0,0.6,6.1,56.3,44.0,55.0,8.0,7.0,79.0,0.8,13.1,57.0,46,7,7.7,56,78,7.0,0.0,61.0,0.0,0.0,0.0,PIT,10.0,23,27,8,0,100,0,2
DARREN WALLER,5.1,4.3,0.1,46.0,0.0,0.0,0.0,6.2,61.2,33.1,18.0,41.0,5.1,6.0,43.0,9.4,113.2,38.1,14,7,25.9,53,136,52.0,1.0,552.0,0.0,0.0,0.0,FA,74.0,33,33,33,9,64,27,0
DAVID NJOKU,7.5,5.1,0.4,55.1,0.0,0.0,0.0,7.7,120.2,8.1,5.0,8.0,1.8,2.0,13.0,12.6,201.2,9.2,5,2,1.8,9,13,81.0,6.0,882.0,0.0,0.0,0.0,CLE,123.0,1,4,2,19,31,38,1
DAVID WELLS,-0.2,0.4,0.0,-2.0,0.0,0.0,0.0,0.4,-1.0,113.0,99.0,137.0,14.0,10.0,127.0,0.2,1.0,124.5,117,11,7.5,150,132,2.0,0.0,-10.0,0.0,0.0,0.0,TB,2.0,18,17,17,0,100,0,0
DAVIS ALLEN,1.0,0.7,0.1,6.3,0.0,0.0,0.0,0.7,15.5,57.6,35.0,68.0,13.4,7.0,79.0,1.7,25.5,56.3,35,8,14.4,66,80,10.0,1.0,95.0,0.0,0.0,0.0,LAR,11.0,22,14,27,0,92,8,3
DAWSON KNOX,2.7,1.8,0.2,15.5,0.0,0.0,0.0,3.0,32.6,31.6,22.0,30.0,3.9,4.0,40.0,4.5,54.6,33.6,23,5,3.3,31,42,22.0,2.0,186.0,0.0,0.0,0.0,BUF,36.0,17,6,29,0,91,9,2
DEVIN CULP,0.0,0.0,0.0,0.0,0.0,0.0,0.0,0.0,0.0,110.2,78.0,97.0,15.6,9.0,125.0,0.0,0.0,106.5,83,10,11.4,108,119,0.0,0.0,0.0,0.0,0.0,0.0,TB,0.0,18,17,17,0,0,0,4
DONALD PARHAM,3.8,1.9,0.3,20.4,0.0,0.0,0.0,2.9,52.5,40.1,35.0,42.0,6.0,6.0,65.0,5.7,79.5,44.0,35,6,6.0,42,68,27.0,4.0,285.0,0.0,0.0,0.0,LAC,41.0,24,26,13,0,69,23,3
DREW SAMPLE,1.7,1.3,0.1,9.6,0.0,0.0,0.0,1.6,28.3,85.4,74.0,83.0,13.5,8.0,116.0,3.0,50.3,78.7,68,9,9.3,86,99,22.0,2.0,163.0,0.0,0.0,0.0,CIN,27.0,26,23,28,0,88,13,3
DURHAM SMYTHE,2.3,2.2,0.0,22.9,0.0,0.0,0.0,2.7,36.6,61.9,51.0,59.0,8.1,7.0,82.0,4.5,71.6,58.8,47,7,6.6,58,72,35.0,0.0,366.0,0.0,0.0,0.0,MIA,43.0,32,32,26,0,80,0,2
ELIJAH HIGGINS,2.0,1.3,0.1,14.8,0.0,0.0,0.0,1.7,22.3,77.9,62.0,85.0,11.7,8.0,102.0,3.3,36.3,76.0,61,9,10.6,80,97,14.0,1.0,163.0,0.0,0.0,0.0,ARI,19.0,11,16,11,0,90,10,3
ERIC SAUBERT,0.1,0.4,0.0,1.5,0.0,0.0,0.0,0.4,1.2,119.0,117.0,140.0,2.0,10.0,121.0,0.5,4.2,115.5,110,11,5.5,144,121,3.0,0.0,12.0,0.0,0.0,0.0,SF,3.0,12,7,22,0,100,0,0
ERIC TOMLINSON,,,,,,,,,,116.0,104.0,,15.6,,138.0,,,133.0,129,11,5.0,151,140,,,,,,,IND,,21,24,7,0,0,0,0
ERICK ALL,0.0,0.0,0.0,0.0,0.0,0.0,0.0,0.0,0.0,47.4,32.0,49.0,9.1,6.0,75.0,0.0,0.0,47.5,33,7,9.3,48,72,0.0,0.0,0.0,0.0,0.0,0.0,CIN,0.0,26,23,28,0,0,0,2
EVAN ENGRAM,6.8,6.7,0.2,56.6,0.0,0.0,0.0,8.4,116.3,9.8,7.0,10.0,1.0,3.0,13.0,13.5,230.3,5.6,4,2,1.3,6,11,114.0,4.0,963.0,0.0,0.0,0.0,JAC,143.0,19,10,25,13,31,31,1
FOSTER MOREAU,1.7,1.4,0.1,12.9,0.0,0.0,0.0,1.7,25.3,59.3,48.0,61.0,8.5,7.0,78.0,3.1,46.3,59.3,49,7,8.2,63,78,21.0,1.0,193.0,0.0,0.0,0.0,NO,25.0,13,22,5,0,92,8,2
GEOFF SWAIM,0.7,0.7,0.0,6.7,0.0,0.0,0.0,0.8,9.4,100.5,97.0,104.0,3.1,9.0,106.0,1.4,19.4,97.3,93,9,3.6,99,104,10.0,0.0,94.0,0.0,0.0,0.0,FA,11.0,33,33,33,0,100,0,0
GEORGE KITTLE,8.6,4.1,0.4,63.8,0.1,0.0,0.1,5.6,138.2,4.9,3.0,5.0,1.1,2.0,10.0,12.7,203.2,8.2,6,2,1.3,8,12,65.0,6.0,1020.0,1.0,0.0,2.0,SF,90.0,12,7,22,31,38,56,1
GERALD EVERETT,4.0,3.4,0.2,27.4,0.2,0.0,0.7,4.7,60.1,34.0,25.0,34.0,5.8,5.0,50.0,7.4,111.1,32.7,22,5,5.9,34,50,51.0,3.0,411.0,3.0,0.0,10.0,CHI,70.0,20,19,16,0,64,21,2
GIOVANNI RICCI,0.0,0.2,0.0,0.3,0.0,0.0,0.0,0.2,0.2,120.5,98.0,126.0,18.4,10.0,146.0,0.2,1.2,114.0,92,10,20.9,127,145,1.0,0.0,2.0,0.0,0.0,0.0,CLE,1.0,1,4,2,0,100,0,0
GRANT CALCATERRA,0.3,0.3,0.0,2.8,0.0,0.0,0.0,0.3,3.9,129.8,120.0,134.0,4.6,10.0,134.0,0.6,7.9,127.0,119,11,4.6,130,134,4.0,0.0,39.0,0.0,0.0,0.0,PHI,4.0,31,30,24,0,100,0,2
GREG DULCICH,1.3,1.5,0.0,12.5,0.0,0.0,0.0,2.0,2.5,31.9,19.0,37.0,5.7,5.0,45.0,2.8,5.5,32.3,22,6,5.5,35,49,3.0,0.0,25.0,0.0,0.0,0.0,DEN,4.0,30,25,30,0,100,0,1
HARRISON BRYANT,1.5,0.8,0.2,4.8,0.3,0.0,0.5,1.2,24.9,83.0,60.0,74.0,16.7,8.0,116.0,2.2,37.9,73.3,58,8,12.7,71,99,13.0,3.0,81.0,5.0,0.0,8.0,LV,20.0,10,18,9,0,88,13,3
HAYDEN HURST,2.4,1.8,0.1,18.4,0.0,0.0,0.0,3.2,24.4,40.5,28.0,43.0,5.4,6.0,57.0,4.2,42.4,40.3,27,6,5.6,41,61,18.0,1.0,184.0,0.0,0.0,0.0,LAC,32.0,24,26,13,0,80,10,1
HUNTER HENRY,5.6,3.0,0.4,29.9,0.0,0.0,0.0,4.4,77.9,18.8,13.0,18.0,2.9,4.0,26.0,8.6,119.9,19.0,15,4,2.5,18,26,42.0,6.0,419.0,0.0,0.0,0.0,NE,61.0,14,20,12,7,57,36,1
HUNTER LONG,0.0,0.0,0.0,0.0,0.0,0.0,0.0,0.0,0.0,120.0,110.0,118.0,6.4,9.0,130.0,0.0,0.0,113.8,100,10,9.1,116,130,0.0,0.0,0.0,0.0,0.0,0.0,LAR,0.0,22,14,27,0,100,0,0
IAN THOMAS,0.5,0.4,0.0,4.7,0.0,0.0,0.0,0.8,5.6,88.6,66.0,84.0,18.6,8.0,119.0,0.9,10.6,82.1,59,9,17.2,87,108,5.0,0.0,56.0,0.0,0.0,0.0,CAR,9.0,4,8,1,0,100,0,4
IRV SMITH,1.3,1.5,0.1,9.6,0.0,0.0,0.0,2.2,15.5,64.0,52.0,70.0,6.4,7.0,71.0,2.8,33.5,62.8,52,8,5.9,70,72,18.0,1.0,115.0,0.0,0.0,0.0,KC,26.0,5,2,23,0,92,8,3
ISAIAH LIKELY,4.2,1.8,0.3,24.2,0.0,0.0,0.0,2.4,71.1,24.2,14.0,24.0,3.9,4.0,38.0,5.9,101.1,27.0,17,4,5.1,25,44,30.0,5.0,411.0,0.0,0.0,0.0,BAL,40.0,6,12,10,19,75,19,2
JACK STOLL,0.2,0.3,0.0,2.2,0.0,0.0,0.0,0.5,3.8,89.8,83.0,95.0,3.9,8.0,95.0,0.5,8.8,87.8,80,9,4.8,94,94,5.0,0.0,38.0,0.0,0.0,0.0,NYG,8.0,25,31,3,0,100,0,0
JACK WESTOVER,0.0,0.0,0.0,0.0,0.0,0.0,0.0,0.0,0.0,87.8,71.0,107.0,16.9,9.0,114.0,0.0,0.0,104.4,91,10,10.0,114,117,0.0,0.0,0.0,0.0,0.0,0.0,SEA,0.0,27,29,18,0,0,0,0
JAHEIM BELL,0.0,0.0,0.0,0.0,0.0,0.0,0.0,0.0,0.0,48.8,41.0,52.0,3.9,6.0,55.0,0.0,0.0,49.6,43,7,3.7,52,56,0.0,0.0,0.0,0.0,0.0,0.0,NE,0.0,14,20,12,0,0,0,0
JAKE FERGUSON,6.2,4.2,0.3,44.8,0.0,0.0,0.0,6.0,106.1,9.2,5.0,9.0,1.7,2.0,14.0,10.4,177.1,9.4,4,3,1.7,10,14,71.0,5.0,761.0,0.0,0.0,0.0,DAL,102.0,29,28,21,13,38,44,1
JAMES MITCHELL,0.2,0.1,0.0,2.0,0.0,0.0,0.0,0.1,2.8,105.5,92.0,110.0,13.7,9.0,126.0,0.3,4.8,103.3,85,10,16.5,102,127,2.0,0.0,28.0,0.0,0.0,0.0,DET,2.0,9,11,14,0,100,0,3
JARED WILEY,0.0,0.0,0.0,0.0,0.0,0.0,0.0,0.0,0.0,57.2,41.0,65.0,7.9,7.0,67.0,0.0,0.0,57.9,43,8,7.3,64,66,0.0,0.0,0.0,0.0,0.0,0.0,KC,0.0,5,2,23,0,0,0,0
JATAVION SANDERS,0.0,0.0,0.0,0.0,0.0,0.0,0.0,0.0,0.0,32.5,20.0,32.0,4.6,5.0,44.0,0.0,0.0,30.4,19,5,4.2,30,42,0.0,0.0,0.0,0.0,0.0,0.0,CAR,0.0,4,8,1,0,0,0,1
JELANI WOODS,0.0,0.0,0.0,0.0,0.0,0.0,0.0,0.0,0.0,31.2,19.0,31.0,4.4,5.0,40.0,0.0,0.0,32.4,20,5,4.4,33,41,0.0,0.0,0.0,0.0,0.0,0.0,IND,0.0,21,24,7,0,0,0,1
JEREMY RUCKERT,1.0,1.1,0.0,10.1,0.0,0.0,0.0,1.5,15.1,49.6,40.0,50.0,4.2,6.0,60.0,2.1,31.1,49.2,40,7,4.0,47,59,16.0,0.0,151.0,0.0,0.0,0.0,NYJ,22.0,28,21,31,0,100,0,2
JESPER HORSTED,0.1,0.2,0.0,0.8,0.0,0.0,0.0,0.2,0.4,125.2,121.0,133.0,2.5,10.0,128.0,0.3,1.4,116.7,102,10,7.0,120,122,1.0,0.0,4.0,0.0,0.0,0.0,NO,1.0,13,22,5,0,100,0,0
JIMMY GRAHAM,2.1,0.5,0.3,3.0,0.0,0.0,0.0,0.5,27.9,86.5,77.0,94.0,4.7,8.0,92.0,2.6,33.9,104.7,101,10,4.3,104,112,6.0,4.0,39.0,0.0,0.0,0.0,FA,7.0,33,33,33,0,60,40,0
JOE FORTSON,0.0,0.0,0.0,0.0,0.0,0.0,0.0,0.0,0.0,76.2,60.0,100.0,13.3,9.0,96.0,0.0,0.0,71.4,49,9,16.1,91,92,0.0,0.0,0.0,0.0,0.0,0.0,MIA,0.0,32,32,26,0,0,0,0
JOHN BATES,0.9,1.1,0.0,8.9,0.0,0.0,0.0,1.6,15.1,88.6,74.0,80.0,14.6,8.0,112.0,2.0,34.1,82.4,69,9,11.0,79,100,19.0,0.0,151.0,0.0,0.0,0.0,WAS,28.0,16,15,20,0,94,0,3
JOHN MUNDT,1.4,1.0,0.1,10.1,0.0,0.0,0.0,1.4,23.2,56.9,45.0,54.0,10.9,7.0,81.0,2.4,40.2,54.8,42,7,9.2,54,76,17.0,1.0,172.0,0.0,0.0,0.0,MIN,23.0,3,3,6,0,92,8,3
JONNU SMITH,4.4,2.9,0.2,34.2,0.1,0.0,0.0,4.1,74.2,30.4,16.0,35.0,7.1,5.0,60.0,7.3,124.2,30.2,16,6,7.6,37,62,50.0,3.0,582.0,1.0,0.0,0.0,MIA,70.0,32,32,26,6,63,19,1
JORDAN AKINS,0.8,0.9,0.0,7.8,0.0,0.0,0.0,1.4,13.2,73.5,58.0,72.0,10.6,8.0,93.0,1.7,28.2,71.7,58,8,10.6,73,93,15.0,0.0,132.0,0.0,0.0,0.0,CLE,23.0,1,4,2,0,100,0,2
JOSH OLIVER,1.8,1.3,0.1,12.5,0.0,0.0,0.0,1.6,31.3,53.3,43.0,56.0,6.9,7.0,74.0,3.1,53.3,51.1,40,7,7.5,55,73,22.0,2.0,213.0,0.0,0.0,0.0,MIN,28.0,3,3,6,0,88,13,2
JOSH WHYLE,1.4,0.8,0.1,8.5,0.0,0.0,0.0,1.4,15.4,75.8,65.0,71.0,9.3,7.0,94.0,2.2,24.4,73.9,63,8,9.4,72,91,9.0,1.0,94.0,0.0,0.0,0.0,TEN,15.0,2,5,4,0,89,11,2
JOSIAH DEGUARA,0.4,0.5,0.0,4.3,0.0,0.0,0.0,0.5,6.5,109.6,84.0,101.0,11.0,9.0,120.0,1.0,14.5,102.3,99,9,2.5,98,106,8.0,0.0,65.0,0.0,0.0,0.0,JAC,8.0,19,10,25,0,100,0,3
JULIAN HILL,0.2,0.4,0.0,3.2,0.0,0.0,0.0,0.6,2.8,107.3,97.0,109.0,7.0,9.0,115.0,0.6,8.8,105.7,98,10,4.3,107,112,6.0,0.0,48.0,0.0,0.0,0.0,MIA,9.0,32,32,26,0,100,0,3
JUWAN JOHNSON,4.7,2.8,0.3,28.3,0.0,0.0,0.0,4.5,60.8,20.3,15.0,19.0,3.2,4.0,31.0,7.5,97.8,21.2,16,4,3.4,20,34,37.0,4.0,368.0,0.0,0.0,0.0,NO,59.0,13,22,5,8,58,33,1
KENNY YEBOAH,0.6,0.4,0.0,5.6,0.0,0.0,0.0,0.8,2.8,123.6,114.0,120.0,5.1,9.0,128.0,1.0,4.8,121.2,118,10,2.3,128,124,2.0,0.0,28.0,0.0,0.0,0.0,NYJ,4.0,28,21,31,0,100,0,4
KEVIN RADER,0.0,0.1,0.0,0.4,0.0,0.0,0.0,0.2,0.6,119.5,97.0,131.0,22.5,10.0,142.0,0.1,1.6,136.5,131,11,5.5,154,142,1.0,0.0,6.0,0.0,0.0,0.0,FA,3.0,33,33,33,0,100,0,0
KO KIEFT,0.4,0.1,0.1,0.1,0.0,0.0,0.0,0.3,6.2,109.8,83.0,99.0,13.0,9.0,124.0,0.5,7.2,103.8,83,9,10.2,95,114,1.0,1.0,2.0,0.0,0.0,0.0,TB,5.0,18,17,17,0,92,0,2
KYLE PITTS,5.0,3.1,0.2,39.2,0.1,0.0,-0.2,5.3,84.3,6.0,4.0,6.0,1.7,2.0,13.0,8.1,137.3,8.0,5,2,1.7,7,16,53.0,3.0,667.0,1.0,0.0,-4.0,ATL,90.0,15,13,19,0,50,25,1
KYLEN GRANSON,2.9,2.0,0.1,24.5,0.1,0.0,0.1,3.3,43.0,48.3,40.0,46.0,6.5,6.0,68.0,4.9,73.0,48.7,39,7,6.4,45,70,30.0,1.0,368.0,1.0,0.0,2.0,IND,50.0,21,24,7,0,71,21,2
LOGAN THOMAS,4.5,3.4,0.3,31.0,0.1,0.0,0.1,4.9,71.8,42.6,28.0,44.0,10.7,6.0,73.0,7.9,126.8,44.1,31,6,11.1,43,77,55.0,4.0,496.0,1.0,0.0,2.0,SF,78.0,12,7,22,0,67,27,2
LUCAS KRULL,2.2,1.1,0.1,13.6,0.0,0.0,0.0,2.0,15.5,67.3,56.0,78.0,9.2,8.0,83.0,3.4,23.5,64.0,49,8,11.1,75,81,8.0,1.0,95.0,0.0,0.0,0.0,DEN,14.0,30,25,30,0,83,17,3
LUKE FARRELL,0.9,0.8,0.0,9.1,0.0,0.0,0.0,0.9,15.5,85.3,70.0,77.0,8.5,8.0,101.0,1.7,28.5,83.2,69,8,6.8,78,95,13.0,0.0,155.0,0.0,0.0,0.0,JAC,15.0,19,10,25,0,93,0,0
LUKE MUSGRAVE,3.7,3.1,0.1,32.0,0.0,0.0,0.0,4.2,41.2,18.2,12.0,17.0,2.8,4.0,28.0,6.8,75.2,17.4,11,4,2.7,17,27,34.0,1.0,352.0,0.0,0.0,0.0,GB,46.0,8,9,15,0,60,20,1
LUKE SCHOONMAKER,1.1,0.5,0.1,3.8,0.0,0.0,0.0,0.9,18.5,66.8,56.0,69.0,8.0,7.0,86.0,1.6,26.5,69.0,55,8,8.5,69,87,8.0,2.0,65.0,0.0,0.0,0.0,DAL,15.0,29,28,21,0,87,7,2
MARCEDES LEWIS,0.5,0.2,0.1,1.7,0.0,0.0,0.0,0.3,8.9,116.6,100.0,123.0,14.4,10.0,137.0,0.8,12.9,120.0,102,10,12.5,125,136,4.0,1.0,29.0,0.0,0.0,0.0,CHI,5.0,20,19,16,0,92,0,0
MARK ANDREWS,9.0,4.5,0.6,54.4,0.1,0.0,0.0,6.1,90.4,3.3,1.0,3.0,1.1,1.0,6.0,13.5,135.4,4.3,1,2,1.8,4,9,45.0,6.0,544.0,1.0,0.0,0.0,BAL,61.0,6,12,10,20,20,70,1
MICHAEL JACOBSON,0.0,0.0,0.0,0.0,0.0,0.0,0.0,0.0,0.0,85.5,83.0,119.0,2.5,9.0,88.0,0.0,0.0,117.5,117,11,0.5,146,118,0.0,0.0,0.0,0.0,0.0,0.0,NO,0.0,13,22,5,0,0,0,0
MICHAEL MAYER,3.2,1.9,0.1,21.7,0.0,0.0,0.0,2.9,44.4,29.1,16.0,27.0,6.5,4.0,56.0,5.1,71.4,29.1,17,5,6.2,27,55,27.0,2.0,304.0,0.0,0.0,0.0,LV,40.0,10,18,9,0,69,23,2
MIKE GESICKI,2.1,1.7,0.1,14.4,0.0,0.0,0.0,2.6,36.4,29.6,23.0,29.0,2.9,4.0,37.0,3.8,65.4,30.0,23,5,3.2,28,37,29.0,2.0,244.0,0.0,0.0,0.0,CIN,45.0,26,23,28,0,88,13,1
MITCHELL WILCOX,0.3,0.5,0.0,3.3,0.0,0.0,0.0,0.7,5.6,124.0,107.0,135.0,15.3,10.0,147.0,0.9,14.6,121.5,104,11,16.8,137,147,9.0,0.0,56.0,0.0,0.0,0.0,NE,12.0,14,20,12,0,100,0,3
MO ALIE-COX,2.1,0.8,0.2,9.5,0.0,0.0,0.0,1.3,36.1,67.6,55.0,75.0,8.4,8.0,81.0,2.9,49.1,74.3,59,8,10.4,76,92,13.0,3.0,161.0,0.0,0.0,0.0,IND,22.0,21,24,7,0,80,13,3
MYCOLE PRUITT,1.0,0.5,0.1,6.5,0.0,0.0,0.0,0.7,17.0,78.8,58.0,88.0,11.4,8.0,95.0,1.5,26.0,86.5,59,9,14.6,93,105,9.0,1.0,110.0,0.0,0.0,0.0,PIT,12.0,23,27,8,0,94,6,0
NATE ADKINS,0.2,0.4,0.0,2.2,0.0,0.0,0.0,0.5,2.2,123.3,109.0,138.0,12.3,10.0,139.0,0.6,6.2,120.7,115,11,8.0,140,132,4.0,0.0,22.0,0.0,0.0,0.0,DEN,5.0,30,25,30,0,100,0,4
NICK GUGGEMOS,,,,,,,,,,99.3,86.0,,13.2,,117.0,,,117.8,104,11,9.3,131,130,,,,,,,FA,,33,33,33,0,0,0,0
NICK VANNETT,0.0,0.1,0.0,0.4,0.0,0.0,0.0,0.1,0.3,118.6,103.0,136.0,14.5,10.0,143.0,0.2,1.3,129.6,123,11,7.3,139,143,1.0,0.0,3.0,0.0,0.0,0.0,TEN,1.0,2,5,4,0,100,0,3
NOAH FANT,2.4,1.9,0.0,24.4,0.0,0.0,0.0,2.5,41.4,27.7,20.0,28.0,3.6,4.0,36.0,4.3,73.4,26.3,19,5,3.0,26,36,32.0,0.0,414.0,0.0,0.0,0.0,SEA,43.0,27,29,18,0,80,0,1
NOAH GRAY,2.5,1.6,0.1,17.9,0.1,0.0,0.1,2.4,42.6,44.9,37.0,45.0,5.2,6.0,61.0,4.2,70.6,45.6,36,7,6.9,44,74,28.0,2.0,305.0,1.0,0.0,1.0,KC,41.0,5,2,23,0,88,6,2
NOAH TOGIAI,,,,,,,,,,123.5,108.0,,13.7,,144.0,,,131.0,116,11,10.3,145,145,,,,,,,FA,,33,33,33,0,100,0,0
PAT FREIERMUTH,3.7,2.7,0.2,25.7,0.0,0.0,0.0,3.9,44.8,14.6,8.0,15.0,2.4,3.0,21.0,6.4,76.8,14.7,9,3,2.2,15,20,32.0,2.0,308.0,0.0,0.0,0.0,PIT,47.0,23,27,8,0,64,18,1
PAYNE DURHAM,0.4,0.4,0.0,4.5,0.0,0.0,0.0,0.5,5.8,96.6,71.0,96.0,13.3,8.0,117.0,0.8,10.8,92.9,72,9,11.5,92,110,5.0,0.0,58.0,0.0,0.0,0.0,TB,7.0,18,17,17,0,100,0,3
PEYTON HENDERSHOT,0.5,0.5,0.0,4.8,0.1,0.0,0.0,0.9,3.8,85.9,73.0,82.0,11.6,8.0,114.0,1.0,7.8,84.6,74,9,11.2,81,113,4.0,0.0,38.0,1.0,0.0,0.0,DAL,7.0,29,28,21,0,100,0,3
PHARAOH BROWN,1.5,0.8,0.1,12.2,0.0,0.0,0.0,0.9,24.8,83.6,59.0,76.0,17.8,8.0,110.0,2.2,37.8,82.2,60,8,14.4,77,104,13.0,1.0,208.0,0.0,0.0,0.0,SEA,15.0,27,29,18,8,85,8,2
QUINTIN MORRIS,0.6,0.1,0.1,1.7,0.0,0.0,0.0,0.2,8.6,105.2,101.0,108.0,2.6,9.0,107.0,0.7,10.6,109.2,107,10,2.2,111,113,2.0,1.0,26.0,0.0,0.0,0.0,BUF,3.0,17,6,29,0,90,10,3
ROBERT TONYAN,0.7,0.6,0.0,6.6,0.0,0.0,0.0,1.0,11.2,61.0,45.0,79.0,8.8,8.0,73.0,1.3,22.2,56.5,41,9,10.9,83,71,11.0,0.0,112.0,0.0,0.0,0.0,MIN,17.0,3,3,6,0,100,0,0
RODNEY WILLIAMS,0.0,0.0,0.0,0.0,0.0,0.0,0.0,0.2,0.0,128.4,124.0,142.0,3.8,10.0,135.0,0.0,0.0,126.2,123,11,4.5,138,135,0.0,0.0,0.0,0.0,0.0,0.0,PIT,2.0,23,27,8,0,100,0,0
ROSS DWELLEY,0.1,0.1,0.0,1.0,0.0,0.0,0.0,0.2,1.2,106.0,100.0,113.0,6.3,9.0,118.0,0.2,2.2,111.0,102,10,8.0,113,126,1.0,0.0,12.0,0.0,0.0,0.0,ATL,2.0,15,13,19,0,100,0,3
SAM LAPORTA,9.0,5.1,0.6,52.3,0.1,0.0,0.2,7.1,153.3,1.6,1.0,1.0,1.0,1.0,6.0,14.1,239.3,1.6,1,1,1.0,1,5,86.0,10.0,889.0,1.0,0.0,4.0,DET,120.0,9,11,14,25,38,44,1
SEAN MCKEON,0.0,0.0,0.0,0.0,0.0,0.0,0.0,0.2,0.0,129.7,127.0,144.0,1.8,10.0,132.0,0.0,0.0,123.0,119,10,3.4,124,128,0.0,0.0,0.0,0.0,0.0,0.0,DET,2.0,9,11,14,0,100,0,0
SHANE ZYLSTRA,0.0,0.0,0.0,0.0,0.0,0.0,0.0,0.0,0.0,129.0,121.0,145.0,5.7,10.0,134.0,0.0,0.0,124.3,115,11,6.6,142,129,0.0,0.0,0.0,0.0,0.0,0.0,DET,0.0,9,11,14,0,0,0,0
STEPHEN CARLSON,0.0,0.0,0.0,0.0,0.0,0.0,0.0,0.0,0.0,112.0,104.0,128.0,8.6,10.0,124.0,0.0,0.0,106.7,95,10,16.5,129,130,0.0,0.0,0.0,0.0,0.0,0.0,CHI,0.0,20,19,16,0,0,0,0
STEPHEN SULLIVAN,1.1,1.1,0.0,11.4,0.0,0.0,0.0,2.2,12.5,113.8,94.0,117.0,11.4,9.0,125.0,2.2,24.5,107.0,90,10,9.0,110,115,12.0,0.0,125.0,0.0,0.0,0.0,CAR,24.0,4,8,1,0,100,0,3
STONE SMARTT,1.3,0.7,0.1,9.7,0.0,0.0,0.0,1.3,21.5,90.8,80.0,91.0,6.9,8.0,101.0,2.0,32.5,90.3,81,9,6.2,88,99,11.0,1.0,155.0,0.0,0.0,0.0,LAC,21.0,24,26,13,0,92,8,4
TANNER HUDSON,3.4,3.3,0.1,29.3,0.0,0.0,0.0,4.2,41.2,47.1,34.0,47.0,6.3,6.0,61.0,6.7,80.2,44.2,28,7,6.8,46,58,39.0,1.0,352.0,0.0,0.0,0.0,CIN,50.0,26,23,28,0,64,9,4
TANNER MCLACHLAN,0.0,0.0,0.0,0.0,0.0,0.0,0.0,0.0,0.0,81.9,63.0,90.0,11.7,8.0,99.0,0.0,0.0,79.0,61,9,9.4,84,92,0.0,0.0,0.0,0.0,0.0,0.0,CIN,0.0,26,23,28,0,0,0,0
TAYSOM HILL,6.9,2.1,0.1,18.2,5.1,0.3,25.1,2.5,110.5,20.3,6.0,22.0,5.2,4.0,39.0,9.0,143.5,28.5,13,5,14.3,29,131,33.0,2.0,291.0,81.0,4.0,401.0,NO,40.0,13,22,5,20,47,40,2
TEAGAN QUITORIANO,0.5,0.3,0.0,4.7,0.0,0.0,0.0,0.4,3.3,103.3,99.0,106.0,3.6,9.0,108.0,0.8,5.3,115.5,109,10,5.7,118,125,2.0,0.0,33.0,0.0,0.0,0.0,HOU,3.0,7,1,32,0,100,0,4
THEO JOHNSON,0.0,0.0,0.0,0.0,0.0,0.0,0.0,0.0,0.0,40.4,32.0,39.0,4.9,6.0,50.0,0.0,0.0,38.7,28,6,4.6,39,49,0.0,0.0,0.0,0.0,0.0,0.0,NYG,0.0,25,31,3,0,0,0,2
TIM BOYLE,0.0,0.0,0.0,0.0,0.0,0.0,0.0,0.0,0.0,112.8,96.0,125.0,16.8,10.0,137.0,0.0,0.0,124.6,110,11,8.6,135,136,0.0,0.0,0.0,0.0,0.0,0.0,FA,0.0,33,33,33,0,100,0,0
TIP REIMAN,0.0,0.0,0.0,0.0,0.0,0.0,0.0,0.0,0.0,65.6,56.0,67.0,7.9,7.0,78.0,0.0,0.0,61.7,55,8,5.4,67,72,0.0,0.0,0.0,0.0,0.0,0.0,ARI,0.0,11,16,11,0,0,0,2
TJ HOCKENSON,8.3,6.3,0.3,64.0,0.0,0.0,0.0,8.5,124.0,15.3,8.0,14.0,3.2,3.0,23.0,14.6,219.0,13.8,5,3,3.0,13,21,95.0,5.0,960.0,0.0,0.0,0.0,MIN,127.0,3,3,6,20,13,40,1
TOMMY HUDSON,0.0,0.0,0.0,0.0,0.0,0.0,0.0,0.0,0.0,120.2,110.0,141.0,6.5,10.0,130.0,0.0,0.0,109.2,104,10,8.0,117,125,0.0,0.0,0.0,0.0,0.0,0.0,NO,0.0,13,22,5,0,0,0,0
TOMMY SWEENEY,0.0,0.0,0.0,0.0,0.0,0.0,0.0,0.0,0.0,128.5,126.0,146.0,2.5,10.0,131.0,0.0,0.0,134.5,133,11,1.5,153,136,0.0,0.0,0.0,0.0,0.0,0.0,CHI,0.0,20,19,16,0,0,0,0
TOMMY TREMBLE,2.3,1.4,0.2,12.1,0.0,0.0,0.0,2.0,37.4,55.4,41.0,63.0,8.8,7.0,72.0,3.8,60.4,56.1,44,7,8.8,60,72,23.0,3.0,194.0,0.0,0.0,0.0,CAR,32.0,4,8,1,0,71,14,2
TRAVIS KELCE,8.4,6.2,0.3,65.6,0.0,0.0,0.0,8.1,126.4,2.2,1.0,2.0,1.3,1.0,7.0,14.6,219.4,2.0,1,1,1.0,2,6,93.0,5.0,984.0,0.0,0.0,0.0,KC,121.0,5,2,23,13,20,60,1
TREVON WESCO,0.1,0.1,0.0,1.4,0.0,0.0,0.0,0.2,2.1,120.7,116.0,130.0,4.2,10.0,129.0,0.2,3.1,119.2,114,10,4.2,122,125,1.0,0.0,21.0,0.0,0.0,0.0,FA,3.0,33,33,33,0,100,0,0
TREY MCBRIDE,5.9,4.8,0.2,48.5,0.0,0.0,0.0,6.2,100.5,4.7,2.0,4.0,2.1,2.0,9.0,10.7,181.5,3.4,1,1,1.1,3,7,81.0,3.0,825.0,0.0,0.0,0.0,ARI,106.0,11,16,11,19,56,25,1
TUCKER FISK,0.1,0.2,0.0,1.5,0.0,0.0,0.0,0.2,0.9,106.5,97.0,114.0,11.0,9.0,125.0,0.3,1.9,105.5,86,10,13.9,105,120,1.0,0.0,9.0,0.0,0.0,0.0,FA,1.0,33,33,33,0,100,0,0
TUCKER KRAFT,2.8,1.8,0.1,20.9,0.0,0.0,0.0,2.4,47.5,24.6,17.0,23.0,5.3,4.0,40.0,4.6,78.5,24.6,16,4,5.3,23,41,31.0,2.0,355.0,0.0,0.0,0.0,GB,40.0,8,9,15,0,62,23,2
TY JAMES,,,,,,,,,,119.5,108.0,,11.5,,131.0,,,133.0,132,11,1.0,152,134,,,,,,,FA,,33,33,33,0,0,0,0
TYLER CONKLIN,3.7,3.6,0.0,36.5,0.1,0.0,0.0,5.1,62.1,25.7,16.0,26.0,4.8,4.0,40.0,7.2,123.1,24.1,14,4,4.6,22,38,61.0,0.0,621.0,1.0,0.0,0.0,NYJ,87.0,28,21,31,0,56,19,1
TYLER HIGBEE,4.1,3.1,0.1,33.0,0.0,0.0,0.0,4.7,61.5,34.8,26.0,33.0,4.6,5.0,50.0,7.2,108.5,33.5,24,5,5.4,32,55,47.0,2.0,495.0,0.0,0.0,0.0,LAR,70.0,22,14,27,7,60,20,1
TYLER KROFT,0.0,0.0,0.0,0.0,0.0,0.0,0.0,0.0,0.0,104.0,94.0,121.0,11.5,9.0,120.0,0.0,0.0,123.4,113,11,6.7,132,133,0.0,0.0,0.0,0.0,0.0,0.0,FA,0.0,33,33,33,0,100,0,0
TYLER MABRY,0.0,0.0,0.0,0.0,0.0,0.0,0.0,0.0,0.0,110.2,105.0,127.0,6.0,10.0,118.0,0.0,0.0,96.4,86,10,13.3,103,122,0.0,0.0,0.0,0.0,0.0,0.0,SEA,0.0,27,29,18,0,0,0,0
TYREE JACKSON,0.0,0.0,0.0,0.0,0.0,0.0,0.0,0.0,0.0,114.0,110.0,132.0,5.0,10.0,121.0,0.0,0.0,131.0,127,11,2.9,149,134,0.0,0.0,0.0,0.0,0.0,0.0,NYG,0.0,25,31,3,0,100,0,0
WILL DISSLY,1.4,1.1,0.1,10.8,0.0,0.0,0.0,1.4,23.2,47.8,33.0,53.0,6.2,7.0,60.0,2.5,40.2,45.4,28,7,6.7,51,58,17.0,1.0,172.0,0.0,0.0,0.0,LAC,22.0,24,26,13,0,100,0,2
WILL MALLORY,1.7,1.5,0.0,17.3,0.0,0.0,0.0,2.2,20.7,60.9,42.0,58.0,10.2,7.0,83.0,3.2,38.7,60.9,39,7,9.9,59,83,18.0,0.0,207.0,0.0,0.0,0.0,IND,26.0,21,24,7,0,73,0,4
ZAC PARKER,,,,,,,,,,,,,,,,,,55.5,55,10,0.5,119,56,,,,,,,FA,,33,33,33,0,0,0,0
ZACH ERTZ,3.5,3.9,0.1,26.7,0.0,0.0,0.0,6.1,24.7,34.7,16.0,36.0,6.9,5.0,62.0,7.4,51.7,33.9,17,6,6.8,36,63,27.0,1.0,187.0,0.0,0.0,0.0,WAS,43.0,16,15,20,0,57,14,2
ZACH GENTRY,0.0,0.0,0.0,0.0,0.0,0.0,0.0,0.0,0.0,133.7,132.0,148.0,1.3,10.0,135.0,0.0,0.0,123.0,120,11,3.6,141,128,0.0,0.0,0.0,0.0,0.0,0.0,LV,0.0,10,18,9,0,0,0,0
ZACK KUNTZ,0.0,0.0,0.0,0.0,0.0,0.0,0.0,0.0,0.0,109.1,85.0,103.0,11.1,9.0,128.0,0.0,0.0,104.8,85,9,11.4,96,128,0.0,0.0,0.0,0.0,0.0,0.0,NYJ,0.0,28,21,31,0,100,0,3
